variant,direction,entry_ts,entry_price,exit_ts,exit_price,sl,tp,atr,reason,bars_held,peak_price,peak_pips,pnl_pips,net_pips
CANON,short,2026-02-04T16:40:00+00:00,4967.64,2026-02-04T16:45:00+00:00,4889.99357,5006.46321,4889.99357,25.88214,tp,1,4870.82,968.2,776.46,772.26
CANON,long,2026-02-05T08:15:00+00:00,4942.19,2026-02-05T08:25:00+00:00,4922.72643,4922.72643,4981.11714,12.97571,sl,2,4942.19,0.0,-194.64,-198.84
CANON,short,2026-02-05T15:45:00+00:00,4805.88,2026-02-05T16:20:00+00:00,4841.99143,4841.99143,4733.65714,24.07429,sl,7,4805.88,0.0,-361.11,-365.31
CANON,long,2026-02-06T08:15:00+00:00,4853.67,2026-02-06T11:00:00+00:00,4884.21,4838.4,4884.21,10.18,tp,33,4880.25,265.8,305.4,301.2
CANON,long,2026-02-06T14:55:00+00:00,4947.44,2026-02-06T16:25:00+00:00,4925.17786,4925.17786,4991.96429,14.84143,sl,18,4957.63,101.9,-222.62,-226.82
CANON,long,2026-02-09T08:20:00+00:00,5021.2,2026-02-09T09:50:00+00:00,5008.405,5008.405,5046.79,8.53,sl,18,5032.6,114.0,-127.95,-132.15
CANON,long,2026-02-09T14:45:00+00:00,5037.26,2026-02-09T16:00:00+00:00,5066.22929,5022.77536,5066.22929,9.65643,tp,15,5067.07,298.1,289.69,285.49
CANON,long,2026-02-10T08:20:00+00:00,5041.08,2026-02-10T09:05:00+00:00,5061.37929,5030.93036,5061.37929,6.76643,tp,9,5057.68,166.0,202.99,198.79
CANON,short,2026-02-10T14:55:00+00:00,5053.54,2026-02-10T15:35:00+00:00,5020.29571,5070.16214,5020.29571,11.08143,tp,8,5007.72,458.2,332.44,328.24
CANON,short,2026-02-11T08:15:00+00:00,5051.85,2026-02-11T09:35:00+00:00,5061.00536,5061.00536,5033.53929,6.10357,sl,16,5048.0,38.5,-91.55,-95.75
CANON,long,2026-02-11T16:40:00+00:00,5076.16,2026-02-11T23:10:00+00:00,5060.46036,5060.46036,5107.55929,10.46643,sl,66,5096.09,199.3,-157.0,-161.2
CANON,short,2026-02-12T08:35:00+00:00,5063.76,2026-02-12T08:55:00+00:00,5070.80893,5070.80893,5049.66214,4.69929,sl,4,5061.92,18.4,-70.49,-74.69
CANON,short,2026-02-12T14:45:00+00:00,5053.66,2026-02-12T15:15:00+00:00,5067.31107,5067.31107,5026.35786,9.10071,sl,6,5044.59,90.7,-136.51,-140.71
CANON,short,2026-02-13T09:35:00+00:00,4972.3,2026-02-13T10:55:00+00:00,4951.63214,4982.63393,4951.63214,6.88929,tp,16,4950.13,221.7,206.68,202.48
CANON,long,2026-02-13T15:40:00+00:00,5011.33,2026-02-13T15:45:00+00:00,4990.6375,4990.6375,5052.715,13.795,sl,1,5011.33,0.0,-206.93,-211.13
CANON,long,2026-02-16T09:00:00+00:00,5013.34,2026-02-16T10:20:00+00:00,5005.76286,5005.76286,5028.49429,5.05143,sl,16,5015.71,23.7,-75.77,-79.97
CANON,short,2026-02-16T15:05:00+00:00,4983.55,2026-02-16T17:00:00+00:00,4992.43857,4992.43857,4965.77286,5.92571,sl,23,4975.11,84.4,-88.89,-93.09
CANON,short,2026-02-17T08:40:00+00:00,4916.62,2026-02-17T09:00:00+00:00,4926.74821,4926.74821,4896.36357,6.75214,sl,4,4916.62,0.0,-101.28,-105.48
CANON,short,2026-02-17T14:45:00+00:00,4867.29,2026-02-17T18:50:00+00:00,4896.01607,4896.01607,4809.83786,19.15071,sl,49,4854.08,132.1,-287.26,-291.46
CANON,short,2026-02-18T08:20:00+00:00,4926.74,2026-02-18T09:00:00+00:00,4914.71643,4932.75179,4914.71643,4.00786,tp,8,4915.01,117.3,120.24,116.04
CANON,long,2026-02-18T14:45:00+00:00,4986.05,2026-02-18T19:25:00+00:00,4973.38786,4973.38786,5011.37429,8.44143,sl,56,5005.8,197.5,-126.62,-130.82
CANON,long,2026-02-19T08:15:00+00:00,5012.15,2026-02-19T09:25:00+00:00,5006.4725,5006.4725,5023.505,3.785,sl,14,5019.92,77.7,-56.77,-60.97
CANON,long,2026-02-19T14:50:00+00:00,4995.42,2026-02-19T18:00:00+00:00,4981.97464,4981.97464,5022.31071,8.96357,sl,38,5021.42,260.0,-134.45,-138.65
CANON,long,2026-02-20T08:25:00+00:00,5016.47,2026-02-20T09:00:00+00:00,5033.54857,5007.93071,5033.54857,5.69286,tp,7,5034.63,181.6,170.79,166.59
CANON,long,2026-02-20T14:45:00+00:00,5054.87,2026-02-20T15:00:00+00:00,5043.31893,5043.31893,5077.97214,7.70071,sl,3,5058.7,38.3,-115.51,-119.71
CANON,short,2026-02-23T08:20:00+00:00,5131.03,2026-02-23T08:55:00+00:00,5141.14643,5141.14643,5110.79714,6.74429,sl,7,5125.46,55.7,-101.16,-105.36
CANON,long,2026-02-23T14:45:00+00:00,5190.96,2026-02-23T15:00:00+00:00,5181.14786,5181.14786,5210.58429,6.54143,sl,3,5196.46,55.0,-98.12,-102.32
CANON,short,2026-02-24T08:15:00+00:00,5169.6,2026-02-24T08:30:00+00:00,5179.9275,5179.9275,5148.945,6.885,sl,3,5169.6,0.0,-103.28,-107.48
CANON,long,2026-02-24T15:40:00+00:00,5139.21,2026-02-24T18:00:00+00:00,5166.89357,5125.36821,5166.89357,9.22786,tp,28,5167.29,280.8,276.84,272.64
CANON,long,2026-02-25T08:15:00+00:00,5190.16,2026-02-25T09:00:00+00:00,5183.12714,5183.12714,5204.22571,4.68857,sl,9,5195.34,51.8,-70.33,-74.53
CANON,long,2026-02-25T15:00:00+00:00,5181.18,2026-02-25T16:20:00+00:00,5204.58214,5169.47893,5204.58214,7.80071,tp,16,5205.23,240.5,234.02,229.82
CANON,short,2026-02-26T08:25:00+00:00,5179.44,2026-02-26T09:55:00+00:00,5187.78536,5187.78536,5162.74929,5.56357,sl,18,5174.29,51.5,-83.45,-87.65
CANON,short,2026-02-26T15:25:00+00:00,5139.46,2026-02-26T15:35:00+00:00,5158.33964,5158.33964,5101.70071,12.58643,sl,2,5139.46,0.0,-188.8,-193.0
CANON,short,2026-02-27T08:20:00+00:00,5176.23,2026-02-27T11:55:00+00:00,5183.08821,5183.08821,5162.51357,4.57214,sl,43,5171.55,46.8,-68.58,-72.78
CANON,long,2026-02-27T15:05:00+00:00,5233.57,2026-02-27T15:20:00+00:00,5219.20214,5219.20214,5262.30571,9.57857,sl,3,5237.94,43.7,-143.68,-147.88
CANON,long,2026-03-02T08:25:00+00:00,5412.63,2026-03-02T08:40:00+00:00,5401.44964,5401.44964,5434.99071,7.45357,sl,3,5413.41,7.8,-111.8,-116.0
CANON,short,2026-03-02T16:00:00+00:00,5306.97,2026-03-02T20:05:00+00:00,5336.37536,5336.37536,5248.15929,19.60357,sl,49,5285.08,218.9,-294.05,-298.25
CANON,short,2026-03-03T08:15:00+00:00,5319.9,2026-03-03T08:40:00+00:00,5296.38429,5331.65786,5296.38429,7.83857,tp,5,5299.85,200.5,235.16,230.96
CANON,short,2026-03-03T14:45:00+00:00,5062.02,2026-03-03T16:00:00+00:00,5098.79786,5098.79786,4988.46429,24.51857,sl,15,5025.05,369.7,-367.78,-371.98
CANON,long,2026-03-04T08:40:00+00:00,5172.15,2026-03-04T09:05:00+00:00,5159.23393,5159.23393,5197.98214,8.61071,sl,5,5180.96,88.1,-129.16,-133.36
CANON,short,2026-03-04T14:45:00+00:00,5163.01,2026-03-04T17:20:00+00:00,5122.18429,5183.42286,5122.18429,13.60857,tp,31,5128.26,347.5,408.26,404.06
CANON,short,2026-03-05T08:15:00+00:00,5141.9,2026-03-05T08:30:00+00:00,5151.06393,5151.06393,5123.57214,6.10929,sl,3,5141.9,0.0,-91.64,-95.84
CANON,short,2026-03-05T15:05:00+00:00,5090.91,2026-03-05T21:05:00+00:00,5078.22,5118.45429,5035.82143,18.36286,time,72,5058.99,319.2,126.9,122.7
CANON,short,2026-03-06T08:20:00+00:00,5110.75,2026-03-06T09:15:00+00:00,5094.17714,5119.03643,5094.17714,5.52429,tp,11,5095.74,150.1,165.73,161.53
CANON,long,2026-03-06T14:55:00+00:00,5115.2,2026-03-06T15:20:00+00:00,5163.93071,5090.83464,5163.93071,16.24357,tp,5,5165.98,507.8,487.31,483.11
CANON,short,2026-03-09T08:15:00+00:00,5099.05,2026-03-09T09:05:00+00:00,5110.32036,5110.32036,5076.50929,7.51357,sl,10,5090.11,89.4,-112.7,-116.9
CANON,long,2026-03-09T14:45:00+00:00,5114.62,2026-03-09T14:50:00+00:00,5092.71786,5092.71786,5158.42429,14.60143,sl,1,5114.62,0.0,-219.02,-223.22
CANON,long,2026-03-10T08:30:00+00:00,5185.25,2026-03-10T10:05:00+00:00,5177.00107,5177.00107,5201.74786,5.49929,sl,19,5194.33,90.8,-82.49,-86.69
CANON,long,2026-03-10T15:00:00+00:00,5213.48,2026-03-10T18:15:00+00:00,5199.34143,5199.34143,5241.75714,9.42571,sl,39,5235.82,223.4,-141.39,-145.59
CANON,short,2026-03-11T08:20:00+00:00,5188.07,2026-03-11T09:35:00+00:00,5196.51071,5196.51071,5171.18857,5.62714,sl,15,5181.59,64.8,-84.41,-88.61
CANON,short,2026-03-11T15:10:00+00:00,5174.52,2026-03-11T22:10:00+00:00,5175.07,5187.73929,5148.08143,8.81286,time,72,5158.91,156.1,-5.5,-9.7
CANON,long,2026-03-12T09:55:00+00:00,5189.74,2026-03-12T10:15:00+00:00,5183.395,5183.395,5202.43,4.23,sl,4,5189.74,0.0,-63.45,-67.65
CANON,short,2026-03-12T16:00:00+00:00,5139.75,2026-03-12T17:15:00+00:00,5113.69286,5152.77857,5113.69286,8.68571,tp,15,5118.11,216.4,260.57,256.37
CANON,short,2026-03-13T08:20:00+00:00,5066.72,2026-03-13T08:35:00+00:00,5078.97929,5078.97929,5042.20143,8.17286,sl,3,5066.72,0.0,-122.59,-126.79
CANON,short,2026-03-13T14:45:00+00:00,5074.76,2026-03-13T14:55:00+00:00,5050.16214,5087.05893,5050.16214,8.19929,tp,2,5041.72,330.4,245.98,241.78
CANON,short,2026-03-16T08:15:00+00:00,4988.55,2026-03-16T08:20:00+00:00,4999.39393,4999.39393,4966.86214,7.22929,sl,1,4988.55,0.0,-108.44,-112.64
CANON,short,2026-03-16T14:45:00+00:00,5000.39,2026-03-16T16:35:00+00:00,4974.78286,5013.19357,4974.78286,8.53571,tp,22,4976.32,240.7,256.07,251.87
CANON,long,2026-03-17T08:15:00+00:00,5026.24,2026-03-17T08:45:00+00:00,5018.41643,5018.41643,5041.88714,5.21571,sl,6,5026.24,0.0,-78.24,-82.44
CANON,short,2026-03-17T15:25:00+00:00,5003.05,2026-03-17T15:40:00+00:00,4980.25643,5014.44679,4980.25643,7.59786,tp,3,4982.2,208.5,227.94,223.74
CANON,short,2026-03-18T08:20:00+00:00,4987.5,2026-03-18T09:30:00+00:00,4994.59821,4994.59821,4973.30357,4.73214,sl,14,4985.36,21.4,-70.98,-75.18
CANON,long,2026-03-18T16:55:00+00:00,4865.12,2026-03-18T17:00:00+00:00,4883.49286,4855.93357,4883.49286,6.12429,tp,1,4889.14,240.2,183.73,179.53
CANON,short,2026-03-19T08:30:00+00:00,4701.32,2026-03-19T12:00:00+00:00,4648.02929,4727.96536,4648.02929,17.76357,tp,42,4631.04,702.8,532.91,528.71
CANON,short,2026-03-19T15:30:00+00:00,4581.06,2026-03-19T16:00:00+00:00,4612.03607,4612.03607,4519.10786,20.65071,sl,6,4572.11,89.5,-309.76,-313.96
CANON,long,2026-03-20T08:15:00+00:00,4717.55,2026-03-20T08:30:00+00:00,4707.635,4707.635,4737.38,6.61,sl,3,4730.71,131.6,-99.15,-103.35
CANON,short,2026-03-20T14:50:00+00:00,4557.53,2026-03-20T16:10:00+00:00,4586.90643,4586.90643,4498.77714,19.58429,sl,16,4549.24,82.9,-293.76,-297.96
CANON,long,2026-03-23T09:15:00+00:00,4255.73,2026-03-23T11:05:00+00:00,4330.76,4218.215,4330.76,25.01,tp,22,4406.74,1510.1,750.3,746.1
CANON,short,2026-03-23T15:45:00+00:00,4469.95,2026-03-23T15:50:00+00:00,4405.96429,4501.94286,4405.96429,21.32857,tp,1,4396.58,733.7,639.86,635.66
CANON,long,2026-03-24T09:40:00+00:00,4420.75,2026-03-24T11:00:00+00:00,4405.67393,4405.67393,4450.90214,10.05071,sl,16,4438.57,178.2,-150.76,-154.96
CANON,long,2026-03-24T15:45:00+00:00,4420.71,2026-03-24T17:05:00+00:00,4399.2225,4399.2225,4463.685,14.325,sl,16,4424.54,38.3,-214.88,-219.08
CANON,long,2026-03-25T08:20:00+00:00,4559.04,2026-03-25T09:45:00+00:00,4546.70786,4546.70786,4583.70429,8.22143,sl,17,4566.3,72.6,-123.32,-127.52
CANON,long,2026-03-25T14:45:00+00:00,4569.07,2026-03-25T15:05:00+00:00,4552.74357,4552.74357,4601.72286,10.88429,sl,4,4569.07,0.0,-163.26,-167.46
CANON,short,2026-03-26T08:15:00+00:00,4440.42,2026-03-26T11:20:00+00:00,4455.09,4455.09,4411.08,9.78,sl,37,4419.42,210.0,-146.7,-150.9
CANON,short,2026-03-26T15:35:00+00:00,4458.37,2026-03-26T16:20:00+00:00,4418.34357,4478.38321,4418.34357,13.34214,tp,9,4400.95,574.2,400.26,396.06
CANON,short,2026-03-27T08:15:00+00:00,4443.04,2026-03-27T08:55:00+00:00,4425.63786,4451.74107,4425.63786,5.80071,tp,8,4424.15,188.9,174.02,169.82
CANON,long,2026-03-27T14:45:00+00:00,4464.05,2026-03-27T14:55:00+00:00,4502.83143,4444.65929,4502.83143,12.92714,tp,2,4509.76,457.1,387.81,383.61
CANON,long,2026-03-30T08:30:00+00:00,4537.09,2026-03-30T09:15:00+00:00,4527.02286,4527.02286,4557.22429,6.71143,sl,9,4539.58,24.9,-100.67,-104.87
CANON,long,2026-03-30T15:40:00+00:00,4533.62,2026-03-30T17:30:00+00:00,4519.29714,4519.29714,4562.26571,9.54857,sl,22,4554.36,207.4,-143.23,-147.43
CANON,long,2026-03-31T08:35:00+00:00,4573.36,2026-03-31T09:00:00+00:00,4564.35143,4564.35143,4591.37714,6.00571,sl,5,4573.36,0.0,-90.09,-94.29
CANON,long,2026-03-31T16:35:00+00:00,4630.1,2026-03-31T17:00:00+00:00,4654.65929,4617.82036,4654.65929,8.18643,tp,5,4647.92,178.2,245.59,241.39
CANON,long,2026-04-01T08:15:00+00:00,4726.45,2026-04-01T11:35:00+00:00,4756.99429,4711.17786,4756.99429,10.18143,tp,40,4756.93,304.8,305.44,301.24
CANON,long,2026-04-01T14:45:00+00:00,4756.59,2026-04-01T17:05:00+00:00,4791.885,4738.9425,4791.885,11.765,tp,28,4790.8,342.1,352.95,348.75
CANON,short,2026-04-02T08:45:00+00:00,4628.99,2026-04-02T11:40:00+00:00,4601.74357,4642.61321,4601.74357,9.08214,tp,35,4600.04,289.5,272.46,268.26
CANON,long,2026-04-06T08:25:00+00:00,4694.54,2026-04-06T11:45:00+00:00,4682.49929,4682.49929,4718.62143,8.02714,sl,40,4703.74,92.0,-120.41,-124.61
CANON,short,2026-04-06T15:05:00+00:00,4678.68,2026-04-06T19:15:00+00:00,4645.79143,4695.12429,4645.79143,10.96286,tp,50,4647.84,308.4,328.89,324.69
CANON,long,2026-04-07T08:20:00+00:00,4665.08,2026-04-07T09:10:00+00:00,4692.86214,4651.18893,4692.86214,9.26071,tp,10,4685.94,208.6,277.82,273.62
CANON,short,2026-04-07T14:50:00+00:00,4642.58,2026-04-07T16:00:00+00:00,4662.99286,4662.99286,4601.75429,13.60857,sl,14,4628.07,145.1,-204.13,-208.33
CANON,long,2026-04-08T08:15:00+00:00,4819.38,2026-04-08T08:20:00+00:00,4809.84214,4809.84214,4838.45571,6.35857,sl,1,4819.38,0.0,-95.38,-99.58
CANON,short,2026-04-08T14:45:00+00:00,4751.1,2026-04-08T18:40:00+00:00,4711.77857,4770.76071,4711.77857,13.10714,tp,47,4709.34,417.6,393.21,389.01
CANON,long,2026-04-09T08:20:00+00:00,4726.51,2026-04-09T11:35:00+00:00,4748.39071,4715.56964,4748.39071,7.29357,tp,39,4748.93,224.2,218.81,214.61
CANON,long,2026-04-09T14:55:00+00:00,4767.72,2026-04-09T15:35:00+00:00,4796.67,4753.245,4796.67,9.65,tp,8,4792.26,245.4,289.5,285.3
CANON,short,2026-04-10T08:15:00+00:00,4747.16,2026-04-10T08:45:00+00:00,4733.41357,4754.03321,4733.41357,4.58214,tp,6,4735.48,116.8,137.46,133.26
CANON,short,2026-04-10T15:40:00+00:00,4774.66,2026-04-10T16:05:00+00:00,4748.42071,4787.77964,4748.42071,8.74643,tp,5,4753.77,208.9,262.39,258.19
CANON,short,2026-04-13T08:55:00+00:00,4732.28,2026-04-13T09:10:00+00:00,4716.39714,4740.22143,4716.39714,5.29429,tp,3,4717.77,145.1,158.83,154.63
CANON,short,2026-04-13T15:00:00+00:00,4708.69,2026-04-13T16:15:00+00:00,4721.29857,4721.29857,4683.47286,8.40571,sl,15,4703.75,49.4,-126.09,-130.29
CANON,long,2026-04-14T08:25:00+00:00,4782.58,2026-04-14T09:30:00+00:00,4773.88321,4773.88321,4799.97357,5.79786,sl,13,4788.62,60.4,-86.97,-91.17
CANON,long,2026-04-14T16:25:00+00:00,4817.97,2026-04-14T17:35:00+00:00,4835.865,4809.0225,4835.865,5.965,tp,14,4837.86,198.9,178.95,174.75
CANON,short,2026-04-15T09:10:00+00:00,4804.6,2026-04-15T11:50:00+00:00,4813.92679,4813.92679,4785.94643,6.21786,sl,32,4794.29,103.1,-93.27,-97.47
CANON,short,2026-04-15T15:15:00+00:00,4815.48,2026-04-15T15:30:00+00:00,4797.20786,4824.61607,4797.20786,6.09071,tp,3,4795.28,202.0,182.72,178.52
CANON,short,2026-04-16T08:30:00+00:00,4807.29,2026-04-16T08:55:00+00:00,4814.19536,4814.19536,4793.47929,4.60357,sl,5,4807.29,0.0,-69.05,-73.25
CANON,long,2026-04-16T16:05:00+00:00,4800.59,2026-04-16T16:30:00+00:00,4790.22821,4790.22821,4821.31357,6.90786,sl,5,4804.99,44.0,-103.62,-107.82
CANON,long,2026-04-17T08:45:00+00:00,4790.99,2026-04-17T10:40:00+00:00,4783.50607,4783.50607,4805.95786,4.98929,sl,23,4799.16,81.7,-74.84,-79.04
CANON,long,2026-04-20T08:50:00+00:00,4791.77,2026-04-20T09:30:00+00:00,4785.905,4785.905,4803.5,3.91,sl,8,4796.12,43.5,-58.65,-62.85
CANON,short,2026-04-20T15:00:00+00:00,4810.61,2026-04-20T22:00:00+00:00,4822.92714,4822.92714,4785.97571,8.21143,sl,72,4794.95,156.6,-123.17,-127.37
CANON,long,2026-04-21T08:40:00+00:00,4787.61,2026-04-21T11:05:00+00:00,4779.74893,4779.74893,4803.33214,5.24071,sl,29,4790.09,24.8,-78.61,-82.81
CANON,short,2026-04-21T14:45:00+00:00,4743.73,2026-04-21T16:50:00+00:00,4715.90714,4757.64143,4715.90714,9.27429,tp,25,4709.37,343.6,278.23,274.03
CANON,short,2026-04-22T08:15:00+00:00,4757.75,2026-04-22T10:05:00+00:00,4747.54571,4762.85214,4747.54571,3.40143,tp,22,4748.6,91.5,102.04,97.84
CANON,short,2026-04-22T15:15:00+00:00,4729.96,2026-04-22T17:10:00+00:00,4739.39393,4739.39393,4711.09214,6.28929,sl,23,4724.75,52.1,-94.34,-98.54
CANON,short,2026-04-23T08:40:00+00:00,4717.51,2026-04-23T09:00:00+00:00,4701.73643,4725.39679,4701.73643,5.25786,tp,4,4696.8,207.1,157.74,153.54
CANON,long,2026-04-23T14:50:00+00:00,4734.71,2026-04-23T15:45:00+00:00,4724.19714,4724.19714,4755.73571,7.00857,sl,11,4738.43,37.2,-105.13,-109.33
CANON,long,2026-04-24T08:20:00+00:00,4694.65,2026-04-24T08:25:00+00:00,4688.19464,4688.19464,4707.56071,4.30357,sl,1,4694.65,0.0,-64.55,-68.75
CANON,long,2026-04-24T15:45:00+00:00,4732.88,2026-04-24T15:50:00+00:00,4724.11786,4724.11786,4750.40429,5.84143,sl,1,4732.88,0.0,-87.62,-91.82
CANON,short,2026-04-27T08:20:00+00:00,4710.22,2026-04-27T12:40:00+00:00,4699.26143,4715.69929,4699.26143,3.65286,tp,52,4698.88,113.4,109.59,105.39
CANON,short,2026-04-27T14:50:00+00:00,4683.53,2026-04-27T20:50:00+00:00,4678.83,4693.16107,4664.26786,6.42071,time,72,4668.75,147.8,47.0,42.8
CANON,short,2026-04-28T09:20:00+00:00,4614.83,2026-04-28T11:10:00+00:00,4599.00714,4622.74143,4599.00714,5.27429,tp,22,4598.52,163.1,158.23,154.03
LIVE,short,2026-02-04T16:40:00+00:00,4967.64,2026-02-04T16:45:00+00:00,4889.99357,5006.46321,4889.99357,25.88214,tp,1,4967.64,0.0,776.46,772.26
LIVE,long,2026-02-05T08:15:00+00:00,4942.19,2026-02-05T08:25:00+00:00,4922.72643,4922.72643,4981.11714,12.97571,sl,2,4942.19,0.0,-194.64,-198.84
LIVE,short,2026-02-05T15:45:00+00:00,4805.88,2026-02-05T16:20:00+00:00,4841.99143,4841.99143,4733.65714,24.07429,sl,7,4805.88,0.0,-361.11,-365.31
LIVE,long,2026-02-06T08:15:00+00:00,4853.67,2026-02-06T08:35:00+00:00,4862.78,4838.4,4884.21,10.18,scalp_trail,4,4880.25,265.8,91.1,86.9
LIVE,long,2026-02-06T14:55:00+00:00,4947.44,2026-02-06T15:10:00+00:00,4948.04,4925.17786,4991.96429,14.84143,scalp_trail,3,4957.63,101.9,6.0,1.8
LIVE,long,2026-02-09T08:20:00+00:00,5021.2,2026-02-09T08:50:00+00:00,5024.86,5008.405,5046.79,8.53,scalp_trail,6,5029.72,85.2,36.6,32.4
LIVE,long,2026-02-09T14:45:00+00:00,5037.26,2026-02-09T16:00:00+00:00,5066.22929,5022.77536,5066.22929,9.65643,tp,15,5060.11,228.5,289.69,285.49
LIVE,long,2026-02-10T08:20:00+00:00,5041.08,2026-02-10T08:50:00+00:00,5047.65,5030.93036,5061.37929,6.76643,scalp_trail,6,5051.21,101.3,65.7,61.5
LIVE,short,2026-02-10T14:55:00+00:00,5053.54,2026-02-10T15:05:00+00:00,5041.58,5070.16214,5020.29571,11.08143,scalp_trail,2,5034.99,185.5,119.6,115.4
LIVE,short,2026-02-11T08:15:00+00:00,5051.85,2026-02-11T08:35:00+00:00,5051.15,5061.00536,5033.53929,6.10357,scalp_trail,4,5048.0,38.5,7.0,2.8
LIVE,long,2026-02-11T16:40:00+00:00,5076.16,2026-02-11T17:30:00+00:00,5082.85,5060.46036,5107.55929,10.46643,scalp_trail,10,5088.47,123.1,66.9,62.7
LIVE,short,2026-02-12T08:35:00+00:00,5063.76,2026-02-12T08:55:00+00:00,5070.80893,5070.80893,5049.66214,4.69929,sl,4,5061.92,18.4,-70.49,-74.69
LIVE,short,2026-02-12T14:45:00+00:00,5053.66,2026-02-12T15:00:00+00:00,5053.57,5067.31107,5026.35786,9.10071,scalp_trail,3,5044.59,90.7,0.9,-3.3
LIVE,short,2026-02-13T09:35:00+00:00,4972.3,2026-02-13T10:20:00+00:00,4970.8,4982.63393,4951.63214,6.88929,scalp_trail,9,4966.59,57.1,15.0,10.8
LIVE,long,2026-02-13T15:40:00+00:00,5011.33,2026-02-13T15:45:00+00:00,4990.6375,4990.6375,5052.715,13.795,sl,1,5011.33,0.0,-206.93,-211.13
LIVE,long,2026-02-16T09:00:00+00:00,5013.34,2026-02-16T10:20:00+00:00,5005.76286,5005.76286,5028.49429,5.05143,sl,16,5015.71,23.7,-75.77,-79.97
LIVE,short,2026-02-16T15:05:00+00:00,4983.55,2026-02-16T15:20:00+00:00,4979.32,4992.43857,4965.77286,5.92571,scalp_trail,3,4976.52,70.3,42.3,38.1
LIVE,short,2026-02-17T08:40:00+00:00,4916.62,2026-02-17T09:00:00+00:00,4926.74821,4926.74821,4896.36357,6.75214,sl,4,4916.62,0.0,-101.28,-105.48
LIVE,short,2026-02-17T14:45:00+00:00,4867.29,2026-02-17T15:35:00+00:00,4864.81,4896.01607,4809.83786,19.15071,scalp_trail,10,4854.08,132.1,24.8,20.6
LIVE,short,2026-02-18T08:20:00+00:00,4926.74,2026-02-18T08:35:00+00:00,4925.49,4932.75179,4914.71643,4.00786,scalp_trail,3,4924.08,26.6,12.5,8.3
LIVE,long,2026-02-18T14:45:00+00:00,4986.05,2026-02-18T15:05:00+00:00,4998.06,4973.38786,5011.37429,8.44143,scalp_trail,4,5003.82,177.7,120.1,115.9
LIVE,long,2026-02-19T08:15:00+00:00,5012.15,2026-02-19T08:30:00+00:00,5012.06,5006.4725,5023.505,3.785,scalp_trail,3,5014.83,26.8,-0.9,-5.1
LIVE,long,2026-02-19T14:50:00+00:00,4995.42,2026-02-19T15:10:00+00:00,4999.6,4981.97464,5022.31071,8.96357,scalp_trail,4,5005.74,103.2,41.8,37.6
LIVE,long,2026-02-20T08:25:00+00:00,5016.47,2026-02-20T08:40:00+00:00,5022.59,5007.93071,5033.54857,5.69286,scalp_trail,3,5025.73,92.6,61.2,57.0
LIVE,long,2026-02-20T14:45:00+00:00,5054.87,2026-02-20T15:00:00+00:00,5043.31893,5043.31893,5077.97214,7.70071,sl,3,5058.7,38.3,-115.51,-119.71
LIVE,short,2026-02-23T08:20:00+00:00,5131.03,2026-02-23T08:30:00+00:00,5130.83,5141.14643,5110.79714,6.74429,scalp_trail,2,5125.46,55.7,2.0,-2.2
LIVE,long,2026-02-23T14:45:00+00:00,5190.96,2026-02-23T14:55:00+00:00,5192.52,5181.14786,5210.58429,6.54143,scalp_trail,2,5196.46,55.0,15.6,11.4
LIVE,short,2026-02-24T08:15:00+00:00,5169.6,2026-02-24T08:30:00+00:00,5179.9275,5179.9275,5148.945,6.885,sl,3,5169.6,0.0,-103.28,-107.48
LIVE,long,2026-02-24T15:40:00+00:00,5139.21,2026-02-24T15:50:00+00:00,5145.9,5125.36821,5166.89357,9.22786,scalp_trail,2,5152.65,134.4,66.9,62.7
LIVE,long,2026-02-25T08:15:00+00:00,5190.16,2026-02-25T08:40:00+00:00,5192.34,5183.12714,5204.22571,4.68857,scalp_trail,5,5195.34,51.8,21.8,17.6
LIVE,long,2026-02-25T15:00:00+00:00,5181.18,2026-02-25T15:10:00+00:00,5193.17,5169.47893,5204.58214,7.80071,scalp_trail,2,5195.62,144.4,119.9,115.7
LIVE,short,2026-02-26T08:25:00+00:00,5179.44,2026-02-26T08:45:00+00:00,5179.77,5187.78536,5162.74929,5.56357,scalp_trail,4,5174.29,51.5,-3.3,-7.5
LIVE,short,2026-02-26T15:25:00+00:00,5139.46,2026-02-26T15:35:00+00:00,5158.33964,5158.33964,5101.70071,12.58643,sl,2,5139.46,0.0,-188.8,-193.0
LIVE,short,2026-02-27T08:20:00+00:00,5176.23,2026-02-27T10:05:00+00:00,5175.04,5183.08821,5162.51357,4.57214,scalp_trail,21,5172.29,39.4,11.9,7.7
LIVE,long,2026-02-27T15:05:00+00:00,5233.57,2026-02-27T15:20:00+00:00,5219.20214,5219.20214,5262.30571,9.57857,sl,3,5237.94,43.7,-143.68,-147.88
LIVE,long,2026-03-02T08:25:00+00:00,5412.63,2026-03-02T08:40:00+00:00,5401.44964,5401.44964,5434.99071,7.45357,sl,3,5413.41,7.8,-111.8,-116.0
LIVE,short,2026-03-02T16:00:00+00:00,5306.97,2026-03-02T16:10:00+00:00,5300.62,5336.37536,5248.15929,19.60357,scalp_trail,2,5289.55,174.2,63.5,59.3
LIVE,short,2026-03-03T08:15:00+00:00,5319.9,2026-03-03T08:40:00+00:00,5296.38429,5331.65786,5296.38429,7.83857,tp,5,5299.85,200.5,235.16,230.96
LIVE,short,2026-03-03T14:45:00+00:00,5062.02,2026-03-03T15:05:00+00:00,5045.64,5098.79786,4988.46429,24.51857,scalp_trail,4,5033.01,290.1,163.8,159.6
LIVE,long,2026-03-04T08:40:00+00:00,5172.15,2026-03-04T08:50:00+00:00,5174.54,5159.23393,5197.98214,8.61071,scalp_trail,2,5180.96,88.1,23.9,19.7
LIVE,short,2026-03-04T14:45:00+00:00,5163.01,2026-03-04T15:00:00+00:00,5159.43,5183.42286,5122.18429,13.60857,scalp_trail,3,5144.49,185.2,35.8,31.6
LIVE,short,2026-03-05T08:15:00+00:00,5141.9,2026-03-05T08:30:00+00:00,5151.06393,5151.06393,5123.57214,6.10929,sl,3,5141.9,0.0,-91.64,-95.84
LIVE,short,2026-03-05T15:05:00+00:00,5090.91,2026-03-05T15:25:00+00:00,5086.42,5118.45429,5035.82143,18.36286,scalp_trail,4,5078.85,120.6,44.9,40.7
LIVE,short,2026-03-06T08:20:00+00:00,5110.75,2026-03-06T08:30:00+00:00,5105.79,5119.03643,5094.17714,5.52429,scalp_trail,2,5100.62,101.3,49.6,45.4
LIVE,long,2026-03-06T14:55:00+00:00,5115.2,2026-03-06T15:20:00+00:00,5163.93071,5090.83464,5163.93071,16.24357,tp,5,5150.73,355.3,487.31,483.11
LIVE,short,2026-03-09T08:15:00+00:00,5099.05,2026-03-09T08:30:00+00:00,5095.88,5110.32036,5076.50929,7.51357,scalp_trail,3,5091.51,75.4,31.7,27.5
LIVE,long,2026-03-09T14:45:00+00:00,5114.62,2026-03-09T14:50:00+00:00,5092.71786,5092.71786,5158.42429,14.60143,sl,1,5114.62,0.0,-219.02,-223.22
LIVE,long,2026-03-10T08:30:00+00:00,5185.25,2026-03-10T08:50:00+00:00,5188.73,5177.00107,5201.74786,5.49929,scalp_trail,4,5194.33,90.8,34.8,30.6
LIVE,long,2026-03-10T15:00:00+00:00,5213.48,2026-03-10T15:45:00+00:00,5232.44,5199.34143,5241.75714,9.42571,scalp_trail,9,5235.82,223.4,189.6,185.4
LIVE,short,2026-03-11T08:20:00+00:00,5188.07,2026-03-11T08:45:00+00:00,5184.96,5196.51071,5171.18857,5.62714,scalp_trail,5,5181.59,64.8,31.1,26.9
LIVE,short,2026-03-11T15:10:00+00:00,5174.52,2026-03-11T15:50:00+00:00,5172.12,5187.73929,5148.08143,8.81286,scalp_trail,8,5168.98,55.4,24.0,19.8
LIVE,long,2026-03-12T09:55:00+00:00,5189.74,2026-03-12T10:15:00+00:00,5183.395,5183.395,5202.43,4.23,sl,4,5189.74,0.0,-63.45,-67.65
LIVE,short,2026-03-12T16:00:00+00:00,5139.75,2026-03-12T16:10:00+00:00,5128.5,5152.77857,5113.69286,8.68571,scalp_trail,2,5124.57,151.8,112.5,108.3
LIVE,short,2026-03-13T08:20:00+00:00,5066.72,2026-03-13T08:35:00+00:00,5078.97929,5078.97929,5042.20143,8.17286,sl,3,5066.72,0.0,-122.59,-126.79
LIVE,short,2026-03-13T14:45:00+00:00,5074.76,2026-03-13T14:55:00+00:00,5050.16214,5087.05893,5050.16214,8.19929,tp,2,5064.38,103.8,245.98,241.78
LIVE,short,2026-03-16T08:15:00+00:00,4988.55,2026-03-16T08:20:00+00:00,4999.39393,4999.39393,4966.86214,7.22929,sl,1,4988.55,0.0,-108.44,-112.64
LIVE,short,2026-03-16T14:45:00+00:00,5000.39,2026-03-16T15:30:00+00:00,4995.25,5013.19357,4974.78286,8.53571,scalp_trail,9,4991.87,85.2,51.4,47.2
LIVE,long,2026-03-17T08:15:00+00:00,5026.24,2026-03-17T08:45:00+00:00,5018.41643,5018.41643,5041.88714,5.21571,sl,6,5026.24,0.0,-78.24,-82.44
LIVE,short,2026-03-17T15:25:00+00:00,5003.05,2026-03-17T15:40:00+00:00,4980.25643,5014.44679,4980.25643,7.59786,tp,3,4982.2,208.5,227.94,223.74
LIVE,short,2026-03-18T08:20:00+00:00,4987.5,2026-03-18T09:30:00+00:00,4994.59821,4994.59821,4973.30357,4.73214,sl,14,4985.36,21.4,-70.98,-75.18
LIVE,long,2026-03-18T16:55:00+00:00,4865.12,2026-03-18T17:00:00+00:00,4883.49286,4855.93357,4883.49286,6.12429,tp,1,4865.12,0.0,183.73,179.53
LIVE,short,2026-03-19T08:30:00+00:00,4701.32,2026-03-19T08:45:00+00:00,4711.07,4727.96536,4648.02929,17.76357,scalp_trail,3,4688.57,127.5,-97.5,-101.7
LIVE,short,2026-03-19T15:30:00+00:00,4581.06,2026-03-19T16:00:00+00:00,4612.03607,4612.03607,4519.10786,20.65071,sl,6,4572.11,89.5,-309.76,-313.96
LIVE,long,2026-03-20T08:15:00+00:00,4717.55,2026-03-20T08:25:00+00:00,4722.82,4707.635,4737.38,6.61,scalp_trail,2,4730.71,131.6,52.7,48.5
LIVE,short,2026-03-20T14:50:00+00:00,4557.53,2026-03-20T16:10:00+00:00,4586.90643,4586.90643,4498.77714,19.58429,sl,16,4549.24,82.9,-293.76,-297.96
LIVE,long,2026-03-23T09:15:00+00:00,4255.73,2026-03-23T09:30:00+00:00,4281.88,4218.215,4330.76,25.01,scalp_trail,3,4303.94,482.1,261.5,257.3
LIVE,short,2026-03-23T15:45:00+00:00,4469.95,2026-03-23T15:50:00+00:00,4405.96429,4501.94286,4405.96429,21.32857,tp,1,4469.95,0.0,639.86,635.66
LIVE,long,2026-03-24T09:40:00+00:00,4420.75,2026-03-24T10:20:00+00:00,4426.21,4405.67393,4450.90214,10.05071,scalp_trail,8,4429.68,89.3,54.6,50.4
LIVE,long,2026-03-24T15:45:00+00:00,4420.71,2026-03-24T17:05:00+00:00,4399.2225,4399.2225,4463.685,14.325,sl,16,4424.54,38.3,-214.88,-219.08
LIVE,long,2026-03-25T08:20:00+00:00,4559.04,2026-03-25T08:35:00+00:00,4563.39,4546.70786,4583.70429,8.22143,scalp_trail,3,4566.3,72.6,43.5,39.3
LIVE,long,2026-03-25T14:45:00+00:00,4569.07,2026-03-25T15:05:00+00:00,4552.74357,4552.74357,4601.72286,10.88429,sl,4,4569.07,0.0,-163.26,-167.46
LIVE,short,2026-03-26T08:15:00+00:00,4440.42,2026-03-26T08:30:00+00:00,4438.11,4455.09,4411.08,9.78,scalp_trail,3,4428.35,120.7,23.1,18.9
LIVE,short,2026-03-26T15:35:00+00:00,4458.37,2026-03-26T15:50:00+00:00,4445.56,4478.38321,4418.34357,13.34214,scalp_trail,3,4440.18,181.9,128.1,123.9
LIVE,short,2026-03-27T08:15:00+00:00,4443.04,2026-03-27T08:35:00+00:00,4433.68,4451.74107,4425.63786,5.80071,scalp_trail,4,4431.13,119.1,93.6,89.4
LIVE,long,2026-03-27T14:45:00+00:00,4464.05,2026-03-27T14:55:00+00:00,4502.83143,4444.65929,4502.83143,12.92714,tp,2,4489.2,251.5,387.81,383.61
LIVE,long,2026-03-30T08:30:00+00:00,4537.09,2026-03-30T09:15:00+00:00,4527.02286,4527.02286,4557.22429,6.71143,sl,9,4539.58,24.9,-100.67,-104.87
LIVE,long,2026-03-30T15:40:00+00:00,4533.62,2026-03-30T15:55:00+00:00,4548.28,4519.29714,4562.26571,9.54857,scalp_trail,3,4554.36,207.4,146.6,142.4
LIVE,long,2026-03-31T08:35:00+00:00,4573.36,2026-03-31T09:00:00+00:00,4564.35143,4564.35143,4591.37714,6.00571,sl,5,4573.36,0.0,-90.09,-94.29
LIVE,long,2026-03-31T16:35:00+00:00,4630.1,2026-03-31T16:50:00+00:00,4637.13,4617.82036,4654.65929,8.18643,scalp_trail,3,4641.64,115.4,70.3,66.1
LIVE,long,2026-04-01T08:15:00+00:00,4726.45,2026-04-01T08:40:00+00:00,4731.97,4711.17786,4756.99429,10.18143,scalp_trail,5,4738.06,116.1,55.2,51.0
LIVE,long,2026-04-01T14:45:00+00:00,4756.59,2026-04-01T14:55:00+00:00,4760.71,4738.9425,4791.885,11.765,scalp_trail,2,4767.85,112.6,41.2,37.0
LIVE,short,2026-04-02T08:45:00+00:00,4628.99,2026-04-02T09:10:00+00:00,4623.84,4642.61321,4601.74357,9.08214,scalp_trail,5,4616.66,123.3,51.5,47.3
LIVE,long,2026-04-06T08:25:00+00:00,4694.54,2026-04-06T09:45:00+00:00,4700.49,4682.49929,4718.62143,8.02714,scalp_trail,16,4703.74,92.0,59.5,55.3
LIVE,short,2026-04-06T15:05:00+00:00,4678.68,2026-04-06T15:15:00+00:00,4666.53,4695.12429,4645.79143,10.96286,scalp_trail,2,4662.23,164.5,121.5,117.3
LIVE,long,2026-04-07T08:20:00+00:00,4665.08,2026-04-07T08:35:00+00:00,4681.79,4651.18893,4692.86214,9.26071,scalp_trail,3,4684.99,199.1,167.1,162.9
LIVE,short,2026-04-07T14:50:00+00:00,4642.58,2026-04-07T15:05:00+00:00,4633.91,4662.99286,4601.75429,13.60857,scalp_trail,3,4628.07,145.1,86.7,82.5
LIVE,long,2026-04-08T08:15:00+00:00,4819.38,2026-04-08T08:20:00+00:00,4809.84214,4809.84214,4838.45571,6.35857,sl,1,4819.38,0.0,-95.38,-99.58
LIVE,short,2026-04-08T14:45:00+00:00,4751.1,2026-04-08T15:00:00+00:00,4746.92,4770.76071,4711.77857,13.10714,scalp_trail,3,4736.34,147.6,41.8,37.6
LIVE,long,2026-04-09T08:20:00+00:00,4726.51,2026-04-09T08:55:00+00:00,4726.22,4715.56964,4748.39071,7.29357,scalp_trail,7,4730.96,44.5,-2.9,-7.1
LIVE,long,2026-04-09T14:55:00+00:00,4767.72,2026-04-09T15:25:00+00:00,4778.84,4753.245,4796.67,9.65,scalp_trail,6,4784.81,170.9,111.2,107.0
LIVE,short,2026-04-10T08:15:00+00:00,4747.16,2026-04-10T08:45:00+00:00,4733.41357,4754.03321,4733.41357,4.58214,tp,6,4742.31,48.5,137.46,133.26
LIVE,short,2026-04-10T15:40:00+00:00,4774.66,2026-04-10T16:05:00+00:00,4748.42071,4787.77964,4748.42071,8.74643,tp,5,4753.77,208.9,262.39,258.19
LIVE,short,2026-04-13T08:55:00+00:00,4732.28,2026-04-13T09:10:00+00:00,4716.39714,4740.22143,4716.39714,5.29429,tp,3,4717.77,145.1,158.83,154.63
LIVE,short,2026-04-13T15:00:00+00:00,4708.69,2026-04-13T16:15:00+00:00,4721.29857,4721.29857,4683.47286,8.40571,sl,15,4703.75,49.4,-126.09,-130.29
LIVE,long,2026-04-14T08:25:00+00:00,4782.58,2026-04-14T08:40:00+00:00,4784.82,4773.88321,4799.97357,5.79786,scalp_trail,3,4788.62,60.4,22.4,18.2
LIVE,long,2026-04-14T16:25:00+00:00,4817.97,2026-04-14T17:10:00+00:00,4827.24,4809.0225,4835.865,5.965,scalp_trail,9,4829.46,114.9,92.7,88.5
LIVE,short,2026-04-15T09:10:00+00:00,4804.6,2026-04-15T09:50:00+00:00,4798.58,4813.92679,4785.94643,6.21786,scalp_trail,8,4795.28,93.2,60.2,56.0
LIVE,short,2026-04-15T15:15:00+00:00,4815.48,2026-04-15T15:30:00+00:00,4797.20786,4824.61607,4797.20786,6.09071,tp,3,4798.2,172.8,182.72,178.52
LIVE,short,2026-04-16T08:30:00+00:00,4807.29,2026-04-16T08:55:00+00:00,4814.19536,4814.19536,4793.47929,4.60357,sl,5,4807.29,0.0,-69.05,-73.25
LIVE,long,2026-04-16T16:05:00+00:00,4800.59,2026-04-16T16:20:00+00:00,4798.58,4790.22821,4821.31357,6.90786,scalp_trail,3,4804.99,44.0,-20.1,-24.3
LIVE,long,2026-04-17T08:45:00+00:00,4790.99,2026-04-17T09:05:00+00:00,4795.9,4783.50607,4805.95786,4.98929,scalp_trail,4,4799.16,81.7,49.1,44.9
LIVE,long,2026-04-20T08:50:00+00:00,4791.77,2026-04-20T09:15:00+00:00,4794.55,4785.905,4803.5,3.91,scalp_trail,5,4796.12,43.5,27.8,23.6
LIVE,short,2026-04-20T15:00:00+00:00,4810.61,2026-04-20T15:20:00+00:00,4803.78,4822.92714,4785.97571,8.21143,scalp_trail,4,4797.54,130.7,68.3,64.1
LIVE,long,2026-04-21T08:40:00+00:00,4787.61,2026-04-21T11:05:00+00:00,4779.74893,4779.74893,4803.33214,5.24071,sl,29,4790.09,24.8,-78.61,-82.81
LIVE,short,2026-04-21T14:45:00+00:00,4743.73,2026-04-21T15:05:00+00:00,4740.67,4757.64143,4715.90714,9.27429,scalp_trail,4,4734.51,92.2,30.6,26.4
LIVE,short,2026-04-22T08:15:00+00:00,4757.75,2026-04-22T08:40:00+00:00,4756.03,4762.85214,4747.54571,3.40143,scalp_trail,5,4752.85,49.0,17.2,13.0
LIVE,short,2026-04-22T15:15:00+00:00,4729.96,2026-04-22T16:25:00+00:00,4727.05,4739.39393,4711.09214,6.28929,scalp_trail,14,4724.75,52.1,29.1,24.9
LIVE,short,2026-04-23T08:40:00+00:00,4717.51,2026-04-23T09:00:00+00:00,4701.73643,4725.39679,4701.73643,5.25786,tp,4,4703.29,142.2,157.74,153.54
LIVE,long,2026-04-23T14:50:00+00:00,4734.71,2026-04-23T15:45:00+00:00,4724.19714,4724.19714,4755.73571,7.00857,sl,11,4738.43,37.2,-105.13,-109.33
LIVE,long,2026-04-24T08:20:00+00:00,4694.65,2026-04-24T08:25:00+00:00,4688.19464,4688.19464,4707.56071,4.30357,sl,1,4694.65,0.0,-64.55,-68.75
LIVE,long,2026-04-24T15:45:00+00:00,4732.88,2026-04-24T15:50:00+00:00,4724.11786,4724.11786,4750.40429,5.84143,sl,1,4732.88,0.0,-87.62,-91.82
LIVE,short,2026-04-27T08:20:00+00:00,4710.22,2026-04-27T08:40:00+00:00,4711.93,4715.69929,4699.26143,3.65286,scalp_trail,4,4707.53,26.9,-17.1,-21.3
LIVE,short,2026-04-27T14:50:00+00:00,4683.53,2026-04-27T15:10:00+00:00,4674.56,4693.16107,4664.26786,6.42071,scalp_trail,4,4668.75,147.8,89.7,85.5
LIVE,short,2026-04-28T09:20:00+00:00,4614.83,2026-04-28T09:40:00+00:00,4613.7,4622.74143,4599.00714,5.27429,scalp_trail,4,4610.54,42.9,11.3,7.1
M1,short,2026-02-04T16:40:00+00:00,4967.64,2026-02-04T16:46:00+00:00,4889.99357,5006.46321,4889.99357,25.88214,tp,1,4898.67,689.7,776.46,772.26
M1,long,2026-02-05T08:15:00+00:00,4942.19,2026-02-05T08:26:00+00:00,4922.72643,4922.72643,4981.11714,12.97571,sl,2,4942.19,0.0,-194.64,-198.84
M1,short,2026-02-05T15:45:00+00:00,4805.88,2026-02-05T16:20:00+00:00,4841.99143,4841.99143,4733.65714,24.07429,sl,7,4805.88,0.0,-361.11,-365.31
M1,long,2026-02-06T08:15:00+00:00,4853.67,2026-02-06T08:26:00+00:00,4866.43,4838.4,4884.21,10.18,scalp_trail,2,4872.67,190.0,127.6,123.4
M1,long,2026-02-06T14:55:00+00:00,4947.44,2026-02-06T15:08:00+00:00,4954.32,4925.17786,4991.96429,14.84143,scalp_trail,2,4959.16,117.2,68.8,64.6
M1,long,2026-02-09T08:20:00+00:00,5021.2,2026-02-09T08:30:00+00:00,5022.33,5008.405,5046.79,8.53,scalp_trail,2,5028.23,70.3,11.3,7.1
M1,long,2026-02-09T14:45:00+00:00,5037.26,2026-02-09T15:37:00+00:00,5049.21,5022.77536,5066.22929,9.65643,scalp_trail,10,5053.65,163.9,119.5,115.3
M1,long,2026-02-10T08:20:00+00:00,5041.08,2026-02-10T08:50:00+00:00,5048.76,5030.93036,5061.37929,6.76643,scalp_trail,6,5053.22,121.4,76.8,72.6
M1,short,2026-02-10T14:55:00+00:00,5053.54,2026-02-10T15:01:00+00:00,5036.14,5070.16214,5020.29571,11.08143,scalp_trail,1,5032.47,210.7,174.0,169.8
M1,short,2026-02-11T08:15:00+00:00,5051.85,2026-02-11T08:36:00+00:00,5049.49,5061.00536,5033.53929,6.10357,scalp_trail,4,5047.13,47.2,23.6,19.4
M1,long,2026-02-11T16:40:00+00:00,5076.16,2026-02-11T17:18:00+00:00,5085.38,5060.46036,5107.55929,10.46643,scalp_trail,7,5089.59,134.3,92.2,88.0
M1,short,2026-02-12T08:35:00+00:00,5063.76,2026-02-12T08:57:00+00:00,5070.80893,5070.80893,5049.66214,4.69929,sl,4,5061.28,24.8,-70.49,-74.69
M1,short,2026-02-12T14:45:00+00:00,5053.66,2026-02-12T14:59:00+00:00,5044.59,5067.31107,5026.35786,9.10071,scalp_trail,3,5041.85,118.1,90.7,86.5
M1,short,2026-02-13T09:35:00+00:00,4972.3,2026-02-13T09:41:00+00:00,4970.65,4982.63393,4951.63214,6.88929,scalp_trail,1,4966.63,56.7,16.5,12.3
M1,long,2026-02-13T15:40:00+00:00,5011.33,2026-02-13T15:49:00+00:00,4990.6375,4990.6375,5052.715,13.795,sl,2,5011.33,0.0,-206.93,-211.13
M1,long,2026-02-16T09:00:00+00:00,5013.34,2026-02-16T09:56:00+00:00,5015.08,5005.76286,5028.49429,5.05143,scalp_trail,11,5016.99,36.5,17.4,13.2
M1,short,2026-02-16T15:05:00+00:00,4983.55,2026-02-16T15:12:00+00:00,4978.52,4992.43857,4965.77286,5.92571,scalp_trail,1,4976.18,73.7,50.3,46.1
M1,short,2026-02-17T08:40:00+00:00,4916.62,2026-02-17T09:01:00+00:00,4926.74821,4926.74821,4896.36357,6.75214,sl,4,4916.62,0.0,-101.28,-105.48
M1,short,2026-02-17T14:45:00+00:00,4867.29,2026-02-17T15:01:00+00:00,4865.15,4896.01607,4809.83786,19.15071,scalp_trail,3,4853.65,136.4,21.4,17.2
M1,short,2026-02-18T08:20:00+00:00,4926.74,2026-02-18T08:36:00+00:00,4926.42,4932.75179,4914.71643,4.00786,scalp_trail,3,4923.82,29.2,3.2,-1.0
M1,long,2026-02-18T14:45:00+00:00,4986.05,2026-02-18T15:04:00+00:00,5003.82,4973.38786,5011.37429,8.44143,scalp_trail,4,5007.0,209.5,177.7,173.5
M1,long,2026-02-19T08:15:00+00:00,5012.15,2026-02-19T08:31:00+00:00,5013.66,5006.4725,5023.505,3.785,scalp_trail,3,5014.83,26.8,15.1,10.9
M1,long,2026-02-19T14:50:00+00:00,4995.42,2026-02-19T14:59:00+00:00,5005.74,4981.97464,5022.31071,8.96357,scalp_trail,2,5009.56,141.4,103.2,99.0
M1,long,2026-02-20T08:25:00+00:00,5016.47,2026-02-20T08:40:00+00:00,5023.11,5007.93071,5033.54857,5.69286,scalp_trail,3,5026.21,97.4,66.4,62.2
M1,long,2026-02-20T14:45:00+00:00,5054.87,2026-02-20T15:02:00+00:00,5043.31893,5043.31893,5077.97214,7.70071,sl,3,5063.16,82.9,-115.51,-119.71
M1,short,2026-02-23T08:20:00+00:00,5131.03,2026-02-23T08:32:00+00:00,5131.08,5141.14643,5110.79714,6.74429,scalp_trail,2,5124.51,65.2,-0.5,-4.7
M1,long,2026-02-23T14:45:00+00:00,5190.96,2026-02-23T14:51:00+00:00,5194.63,5181.14786,5210.58429,6.54143,scalp_trail,1,5198.43,74.7,36.7,32.5
M1,short,2026-02-24T08:15:00+00:00,5169.6,2026-02-24T08:34:00+00:00,5179.9275,5179.9275,5148.945,6.885,sl,4,5165.94,36.6,-103.28,-107.48
M1,long,2026-02-24T15:40:00+00:00,5139.21,2026-02-24T15:50:00+00:00,5149.36,5125.36821,5166.89357,9.22786,scalp_trail,2,5155.07,158.6,101.5,97.3
M1,long,2026-02-25T08:15:00+00:00,5190.16,2026-02-25T08:26:00+00:00,5191.18,5183.12714,5204.22571,4.68857,scalp_trail,2,5193.2,30.4,10.2,6.0
M1,long,2026-02-25T15:00:00+00:00,5181.18,2026-02-25T15:07:00+00:00,5198.88,5169.47893,5204.58214,7.80071,scalp_trail,1,5201.36,201.8,177.0,172.8
M1,short,2026-02-26T08:25:00+00:00,5179.44,2026-02-26T08:34:00+00:00,5175.03,5187.78536,5162.74929,5.56357,scalp_trail,2,5171.63,78.1,44.1,39.9
M1,short,2026-02-26T15:25:00+00:00,5139.46,2026-02-26T15:35:00+00:00,5158.33964,5158.33964,5101.70071,12.58643,sl,2,5139.46,0.0,-188.8,-193.0
M1,short,2026-02-27T08:20:00+00:00,5176.23,2026-02-27T10:05:00+00:00,5173.81,5183.08821,5162.51357,4.57214,scalp_trail,21,5172.29,39.4,24.2,20.0
M1,long,2026-02-27T15:05:00+00:00,5233.57,2026-02-27T15:22:00+00:00,5219.20214,5219.20214,5262.30571,9.57857,sl,3,5238.4,48.3,-143.68,-147.88
M1,long,2026-03-02T08:25:00+00:00,5412.63,2026-03-02T08:43:00+00:00,5401.44964,5401.44964,5434.99071,7.45357,sl,3,5413.63,10.0,-111.8,-116.0
M1,short,2026-03-02T16:00:00+00:00,5306.97,2026-03-02T16:06:00+00:00,5291.74,5336.37536,5248.15929,19.60357,scalp_trail,1,5280.37,266.0,152.3,148.1
M1,short,2026-03-03T08:15:00+00:00,5319.9,2026-03-03T08:27:00+00:00,5317.18,5331.65786,5296.38429,7.83857,scalp_trail,2,5314.78,51.2,27.2,23.0
M1,short,2026-03-03T14:45:00+00:00,5062.02,2026-03-03T14:52:00+00:00,5034.8,5098.79786,4988.46429,24.51857,scalp_trail,1,5018.9,431.2,272.2,268.0
M1,long,2026-03-04T08:40:00+00:00,5172.15,2026-03-04T08:51:00+00:00,5177.94,5159.23393,5197.98214,8.61071,scalp_trail,2,5180.96,88.1,57.9,53.7
M1,short,2026-03-04T14:45:00+00:00,5163.01,2026-03-04T14:51:00+00:00,5150.95,5183.42286,5122.18429,13.60857,scalp_trail,1,5145.91,171.0,120.6,116.4
M1,short,2026-03-05T08:15:00+00:00,5141.9,2026-03-05T08:31:00+00:00,5151.06393,5151.06393,5123.57214,6.10929,sl,3,5140.21,16.9,-91.64,-95.84
M1,short,2026-03-05T15:05:00+00:00,5090.91,2026-03-05T15:13:00+00:00,5082.97,5118.45429,5035.82143,18.36286,scalp_trail,1,5067.95,229.6,79.4,75.2
M1,short,2026-03-06T08:20:00+00:00,5110.75,2026-03-06T08:32:00+00:00,5103.4,5119.03643,5094.17714,5.52429,scalp_trail,2,5097.22,135.3,73.5,69.3
M1,long,2026-03-06T14:55:00+00:00,5115.2,2026-03-06T15:03:00+00:00,5145.37,5090.83464,5163.93071,16.24357,scalp_trail,1,5157.43,422.3,301.7,297.5
M1,short,2026-03-09T08:15:00+00:00,5099.05,2026-03-09T08:30:00+00:00,5094.49,5110.32036,5076.50929,7.51357,scalp_trail,3,5091.51,75.4,45.6,41.4
M1,long,2026-03-09T14:45:00+00:00,5114.62,2026-03-09T14:53:00+00:00,5092.71786,5092.71786,5158.42429,14.60143,sl,1,5114.62,0.0,-219.02,-223.22
M1,long,2026-03-10T08:30:00+00:00,5185.25,2026-03-10T08:43:00+00:00,5189.44,5177.00107,5201.74786,5.49929,scalp_trail,2,5192.69,74.4,41.9,37.7
M1,long,2026-03-10T15:00:00+00:00,5213.48,2026-03-10T15:27:00+00:00,5224.55,5199.34143,5241.75714,9.42571,scalp_trail,5,5227.91,144.3,110.7,106.5
M1,short,2026-03-11T08:20:00+00:00,5188.07,2026-03-11T08:28:00+00:00,5185.65,5196.51071,5171.18857,5.62714,scalp_trail,1,5182.72,53.5,24.2,20.0
M1,short,2026-03-11T15:10:00+00:00,5174.52,2026-03-11T15:16:00+00:00,5174.1,5187.73929,5148.08143,8.81286,scalp_trail,1,5168.75,57.7,4.2,0.0
M1,long,2026-03-12T09:55:00+00:00,5189.74,2026-03-12T10:18:00+00:00,5183.395,5183.395,5202.43,4.23,sl,4,5190.77,10.3,-63.45,-67.65
M1,short,2026-03-12T16:00:00+00:00,5139.75,2026-03-12T16:13:00+00:00,5126.27,5152.77857,5113.69286,8.68571,scalp_trail,2,5123.07,166.8,134.8,130.6
M1,short,2026-03-13T08:20:00+00:00,5066.72,2026-03-13T08:35:00+00:00,5078.97929,5078.97929,5042.20143,8.17286,sl,3,5066.72,0.0,-122.59,-126.79
M1,short,2026-03-13T14:45:00+00:00,5074.76,2026-03-13T14:54:00+00:00,5064.38,5087.05893,5050.16214,8.19929,scalp_trail,2,5060.05,147.1,103.8,99.6
M1,short,2026-03-16T08:15:00+00:00,4988.55,2026-03-16T08:23:00+00:00,4999.39393,4999.39393,4966.86214,7.22929,sl,1,4988.55,0.0,-108.44,-112.64
M1,short,2026-03-16T14:45:00+00:00,5000.39,2026-03-16T14:56:00+00:00,4999.43,5013.19357,4974.78286,8.53571,scalp_trail,2,4993.86,65.3,9.6,5.4
M1,long,2026-03-17T08:15:00+00:00,5026.24,2026-03-17T08:45:00+00:00,5018.41643,5018.41643,5041.88714,5.21571,sl,6,5028.31,20.7,-78.24,-82.44
M1,short,2026-03-17T15:25:00+00:00,5003.05,2026-03-17T15:37:00+00:00,4989.07,5014.44679,4980.25643,7.59786,scalp_trail,2,4985.19,178.6,139.8,135.6
M1,short,2026-03-18T08:20:00+00:00,4987.5,2026-03-18T08:46:00+00:00,4984.8,4994.59821,4973.30357,4.73214,scalp_trail,5,4982.85,46.5,27.0,22.8
M1,long,2026-03-18T16:55:00+00:00,4865.12,2026-03-18T17:00:00+00:00,4883.49286,4855.93357,4883.49286,6.12429,tp,1,4865.12,0.0,183.73,179.53
M1,short,2026-03-19T08:30:00+00:00,4701.32,2026-03-19T08:45:00+00:00,4697.04,4727.96536,4648.02929,17.76357,scalp_trail,3,4688.57,127.5,42.8,38.6
M1,short,2026-03-19T15:30:00+00:00,4581.06,2026-03-19T16:01:00+00:00,4612.03607,4612.03607,4519.10786,20.65071,sl,6,4569.43,116.3,-309.76,-313.96
M1,long,2026-03-20T08:15:00+00:00,4717.55,2026-03-20T08:22:00+00:00,4726.54,4707.635,4737.38,6.61,scalp_trail,1,4729.2,116.5,89.9,85.7
M1,short,2026-03-20T14:50:00+00:00,4557.53,2026-03-20T15:27:00+00:00,4548.88,4586.90643,4498.77714,19.58429,scalp_trail,7,4541.45,160.8,86.5,82.3
M1,long,2026-03-23T09:15:00+00:00,4255.73,2026-03-23T09:24:00+00:00,4288.9,4218.215,4330.76,25.01,scalp_trail,2,4297.83,421.0,331.7,327.5
M1,short,2026-03-23T15:45:00+00:00,4469.95,2026-03-23T15:50:00+00:00,4405.96429,4501.94286,4405.96429,21.32857,tp,1,4469.95,0.0,639.86,635.66
M1,long,2026-03-24T09:40:00+00:00,4420.75,2026-03-24T09:59:00+00:00,4426.44,4405.67393,4450.90214,10.05071,scalp_trail,4,4429.81,90.6,56.9,52.7
M1,long,2026-03-24T15:45:00+00:00,4420.71,2026-03-24T17:05:00+00:00,4399.2225,4399.2225,4463.685,14.325,sl,16,4426.89,61.8,-214.88,-219.08
M1,long,2026-03-25T08:20:00+00:00,4559.04,2026-03-25T08:36:00+00:00,4555.56,4546.70786,4583.70429,8.22143,scalp_trail,3,4566.3,72.6,-34.8,-39.0
M1,long,2026-03-25T14:45:00+00:00,4569.07,2026-03-25T14:51:00+00:00,4575.2,4552.74357,4601.72286,10.88429,scalp_trail,1,4578.74,96.7,61.3,57.1
M1,short,2026-03-26T08:15:00+00:00,4440.42,2026-03-26T08:26:00+00:00,4438.26,4455.09,4411.08,9.78,scalp_trail,2,4432.18,82.4,21.6,17.4
M1,short,2026-03-26T15:35:00+00:00,4458.37,2026-03-26T15:47:00+00:00,4444.76,4478.38321,4418.34357,13.34214,scalp_trail,2,4439.45,189.2,136.1,131.9
M1,short,2026-03-27T08:15:00+00:00,4443.04,2026-03-27T08:32:00+00:00,4435.87,4451.74107,4425.63786,5.80071,scalp_trail,3,4433.67,93.7,71.7,67.5
M1,long,2026-03-27T14:45:00+00:00,4464.05,2026-03-27T14:54:00+00:00,4489.2,4444.65929,4502.83143,12.92714,scalp_trail,2,4499.43,353.8,251.5,247.3
M1,long,2026-03-30T08:30:00+00:00,4537.09,2026-03-30T09:15:00+00:00,4527.02286,4527.02286,4557.22429,6.71143,sl,9,4539.69,26.0,-100.67,-104.87
M1,long,2026-03-30T15:40:00+00:00,4533.62,2026-03-30T15:49:00+00:00,4552.38,4519.29714,4562.26571,9.54857,scalp_trail,2,4555.45,218.3,187.6,183.4
M1,long,2026-03-31T08:35:00+00:00,4573.36,2026-03-31T09:03:00+00:00,4564.35143,4564.35143,4591.37714,6.00571,sl,5,4573.54,1.8,-90.09,-94.29
M1,long,2026-03-31T16:35:00+00:00,4630.1,2026-03-31T16:43:00+00:00,4643.64,4617.82036,4654.65929,8.18643,scalp_trail,1,4647.84,177.4,135.4,131.2
M1,long,2026-04-01T08:15:00+00:00,4726.45,2026-04-01T08:27:00+00:00,4732.15,4711.17786,4756.99429,10.18143,scalp_trail,2,4735.47,90.2,57.0,52.8
M1,long,2026-04-01T14:45:00+00:00,4756.59,2026-04-01T14:55:00+00:00,4762.96,4738.9425,4791.885,11.765,scalp_trail,2,4767.85,112.6,63.7,59.5
M1,short,2026-04-02T08:45:00+00:00,4628.99,2026-04-02T09:04:00+00:00,4618.58,4642.61321,4601.74357,9.08214,scalp_trail,4,4615.42,135.7,104.1,99.9
M1,long,2026-04-06T08:25:00+00:00,4694.54,2026-04-06T09:08:00+00:00,4699.56,4682.49929,4718.62143,8.02714,scalp_trail,8,4702.72,81.8,50.2,46.0
M1,short,2026-04-06T15:05:00+00:00,4678.68,2026-04-06T15:11:00+00:00,4668.08,4695.12429,4645.79143,10.96286,scalp_trail,1,4662.18,165.0,106.0,101.8
M1,long,2026-04-07T08:20:00+00:00,4665.08,2026-04-07T08:27:00+00:00,4681.69,4651.18893,4692.86214,9.26071,scalp_trail,1,4685.41,203.3,166.1,161.9
M1,short,2026-04-07T14:50:00+00:00,4642.58,2026-04-07T15:09:00+00:00,4633.91,4662.99286,4601.75429,13.60857,scalp_trail,4,4626.39,161.9,86.7,82.5
M1,long,2026-04-08T08:15:00+00:00,4819.38,2026-04-08T08:24:00+00:00,4809.84214,4809.84214,4838.45571,6.35857,sl,2,4819.38,0.0,-95.38,-99.58
M1,short,2026-04-08T14:45:00+00:00,4751.1,2026-04-08T14:58:00+00:00,4741.6,4770.76071,4711.77857,13.10714,scalp_trail,2,4732.83,182.7,95.0,90.8
M1,long,2026-04-09T08:20:00+00:00,4726.51,2026-04-09T08:50:00+00:00,4730.15,4715.56964,4748.39071,7.29357,scalp_trail,6,4732.61,61.0,36.4,32.2
M1,long,2026-04-09T14:55:00+00:00,4767.72,2026-04-09T15:16:00+00:00,4772.32,4753.245,4796.67,9.65,scalp_trail,4,4775.54,78.2,46.0,41.8
M1,short,2026-04-10T08:15:00+00:00,4747.16,2026-04-10T08:24:00+00:00,4746.17,4754.03321,4733.41357,4.58214,scalp_trail,2,4744.34,28.2,9.9,5.7
M1,short,2026-04-10T15:40:00+00:00,4774.66,2026-04-10T15:47:00+00:00,4769.7,4787.77964,4748.42071,8.74643,scalp_trail,1,4764.45,102.1,49.6,45.4
M1,short,2026-04-13T08:55:00+00:00,4732.28,2026-04-13T09:02:00+00:00,4725.78,4740.22143,4716.39714,5.29429,scalp_trail,1,4723.82,84.6,65.0,60.8
M1,short,2026-04-13T15:00:00+00:00,4708.69,2026-04-13T15:07:00+00:00,4706.85,4721.29857,4683.47286,8.40571,scalp_trail,1,4702.97,57.2,18.4,14.2
M1,long,2026-04-14T08:25:00+00:00,4782.58,2026-04-14T08:38:00+00:00,4786.12,4773.88321,4799.97357,5.79786,scalp_trail,2,4789.04,64.6,35.4,31.2
M1,long,2026-04-14T16:25:00+00:00,4817.97,2026-04-14T17:08:00+00:00,4826.85,4809.0225,4835.865,5.965,scalp_trail,8,4829.31,113.4,88.8,84.6
M1,short,2026-04-15T09:10:00+00:00,4804.6,2026-04-15T09:30:00+00:00,4802.93,4813.92679,4785.94643,6.21786,scalp_trail,4,4797.98,66.2,16.7,12.5
M1,short,2026-04-15T15:15:00+00:00,4815.48,2026-04-15T15:30:00+00:00,4797.20786,4824.61607,4797.20786,6.09071,tp,3,4798.2,172.8,182.72,178.52
M1,short,2026-04-16T08:30:00+00:00,4807.29,2026-04-16T08:58:00+00:00,4814.19536,4814.19536,4793.47929,4.60357,sl,5,4807.29,0.0,-69.05,-73.25
M1,long,2026-04-16T16:05:00+00:00,4800.59,2026-04-16T16:12:00+00:00,4803.87,4790.22821,4821.31357,6.90786,scalp_trail,1,4806.8,62.1,32.8,28.6
M1,long,2026-04-17T08:45:00+00:00,4790.99,2026-04-17T08:53:00+00:00,4791.7,4783.50607,4805.95786,4.98929,scalp_trail,1,4794.19,32.0,7.1,2.9
M1,long,2026-04-20T08:50:00+00:00,4791.77,2026-04-20T09:02:00+00:00,4795.67,4785.905,4803.5,3.91,scalp_trail,2,4796.95,51.8,39.0,34.8
M1,short,2026-04-20T15:00:00+00:00,4810.61,2026-04-20T15:08:00+00:00,4799.81,4822.92714,4785.97571,8.21143,scalp_trail,1,4795.97,146.4,108.0,103.8
M1,long,2026-04-21T08:40:00+00:00,4787.61,2026-04-21T08:49:00+00:00,4789.72,4779.74893,4803.33214,5.24071,scalp_trail,2,4791.73,41.2,21.1,16.9
M1,short,2026-04-21T14:45:00+00:00,4743.73,2026-04-21T14:51:00+00:00,4730.33,4757.64143,4715.90714,9.27429,scalp_trail,1,4727.12,166.1,134.0,129.8
M1,short,2026-04-22T08:15:00+00:00,4757.75,2026-04-22T08:27:00+00:00,4755.81,4762.85214,4747.54571,3.40143,scalp_trail,2,4754.69,30.6,19.4,15.2
M1,short,2026-04-22T15:15:00+00:00,4729.96,2026-04-22T15:55:00+00:00,4729.84,4739.39393,4711.09214,6.28929,scalp_trail,8,4726.09,38.7,1.2,-3.0
M1,short,2026-04-23T08:40:00+00:00,4717.51,2026-04-23T08:47:00+00:00,4706.02,4725.39679,4701.73643,5.25786,scalp_trail,1,4702.5,150.1,114.9,110.7
M1,long,2026-04-23T14:50:00+00:00,4734.71,2026-04-23T15:20:00+00:00,4736.93,4724.19714,4755.73571,7.00857,scalp_trail,6,4739.41,47.0,22.2,18.0
M1,long,2026-04-24T08:20:00+00:00,4694.65,2026-04-24T08:28:00+00:00,4688.19464,4688.19464,4707.56071,4.30357,sl,1,4694.65,0.0,-64.55,-68.75
M1,long,2026-04-24T15:45:00+00:00,4732.88,2026-04-24T15:52:00+00:00,4724.11786,4724.11786,4750.40429,5.84143,sl,1,4732.88,0.0,-87.62,-91.82
M1,short,2026-04-27T08:20:00+00:00,4710.22,2026-04-27T08:32:00+00:00,4709.11,4715.69929,4699.26143,3.65286,scalp_trail,2,4707.98,22.4,11.1,6.9
M1,short,2026-04-27T14:50:00+00:00,4683.53,2026-04-27T15:06:00+00:00,4672.14,4693.16107,4664.26786,6.42071,scalp_trail,3,4668.75,147.8,113.9,109.7
M1,short,2026-04-28T09:20:00+00:00,4614.83,2026-04-28T09:38:00+00:00,4612.28,4622.74143,4599.00714,5.27429,scalp_trail,3,4610.38,44.5,25.5,21.3
INTRABAR,short,2026-02-04T16:40:00+00:00,4967.64,2026-02-04T16:45:00+00:00,4889.99357,5006.46321,4889.99357,25.88214,tp,1,4967.64,0.0,776.46,772.26
INTRABAR,long,2026-02-05T08:15:00+00:00,4942.19,2026-02-05T08:25:00+00:00,4922.72643,4922.72643,4981.11714,12.97571,sl,2,4942.19,0.0,-194.64,-198.84
INTRABAR,short,2026-02-05T15:45:00+00:00,4805.88,2026-02-05T16:20:00+00:00,4841.99143,4841.99143,4733.65714,24.07429,sl,7,4805.88,0.0,-361.11,-365.31
INTRABAR,long,2026-02-06T08:15:00+00:00,4853.67,2026-02-06T08:20:00+00:00,4864.606,4838.4,4884.21,10.18,scalp_trail,1,4867.66,139.9,109.36,105.16
INTRABAR,long,2026-02-06T14:55:00+00:00,4947.44,2026-02-06T15:00:00+00:00,4955.34757,4925.17786,4991.96429,14.84143,scalp_trail,1,4959.8,123.6,79.08,74.88
INTRABAR,long,2026-02-09T08:20:00+00:00,5021.2,2026-02-09T08:25:00+00:00,5027.211,5008.405,5046.79,8.53,scalp_trail,1,5029.77,85.7,60.11,55.91
INTRABAR,long,2026-02-09T14:45:00+00:00,5037.26,2026-02-09T15:30:00+00:00,5052.77307,5022.77536,5066.22929,9.65643,scalp_trail,9,5055.67,184.1,155.13,150.93
INTRABAR,long,2026-02-10T08:20:00+00:00,5041.08,2026-02-10T08:35:00+00:00,5043.12007,5030.93036,5061.37929,6.76643,scalp_trail,3,5045.15,40.7,20.4,16.2
INTRABAR,short,2026-02-10T14:55:00+00:00,5053.54,2026-02-10T15:00:00+00:00,5032.27443,5070.16214,5020.29571,11.08143,scalp_trail,1,5028.95,245.9,212.66,208.46
INTRABAR,short,2026-02-11T08:15:00+00:00,5051.85,2026-02-11T08:30:00+00:00,5047.85107,5061.00536,5033.53929,6.10357,scalp_trail,3,5046.02,58.3,39.99,35.79
INTRABAR,long,2026-02-11T16:40:00+00:00,5076.16,2026-02-11T17:05:00+00:00,5080.04007,5060.46036,5107.55929,10.46643,scalp_trail,5,5083.18,70.2,38.8,34.6
INTRABAR,short,2026-02-12T08:35:00+00:00,5063.76,2026-02-12T08:40:00+00:00,5061.12979,5070.80893,5049.66214,4.69929,scalp_trail,1,5059.72,40.4,26.3,22.1
INTRABAR,short,2026-02-12T14:45:00+00:00,5053.66,2026-02-12T14:55:00+00:00,5042.08021,5067.31107,5026.35786,9.10071,scalp_trail,2,5039.35,143.1,115.8,111.6
INTRABAR,short,2026-02-13T09:35:00+00:00,4972.3,2026-02-13T09:40:00+00:00,4966.96679,4982.63393,4951.63214,6.88929,scalp_trail,1,4964.9,74.0,53.33,49.13
INTRABAR,long,2026-02-13T15:40:00+00:00,5011.33,2026-02-13T15:45:00+00:00,4990.6375,4990.6375,5052.715,13.795,sl,1,5011.33,0.0,-206.93,-211.13
INTRABAR,long,2026-02-16T09:00:00+00:00,5013.34,2026-02-16T09:50:00+00:00,5015.65457,5005.76286,5028.49429,5.05143,scalp_trail,10,5017.17,38.3,23.15,18.95
INTRABAR,short,2026-02-16T15:05:00+00:00,4983.55,2026-02-16T15:10:00+00:00,4976.95771,4992.43857,4965.77286,5.92571,scalp_trail,1,4975.18,83.7,65.92,61.72
INTRABAR,short,2026-02-17T08:40:00+00:00,4916.62,2026-02-17T09:00:00+00:00,4926.74821,4926.74821,4896.36357,6.75214,sl,4,4916.62,0.0,-101.28,-105.48
INTRABAR,short,2026-02-17T14:45:00+00:00,4867.29,2026-02-17T15:00:00+00:00,4854.62521,4896.01607,4809.83786,19.15071,scalp_trail,3,4848.88,184.1,126.65,122.45
INTRABAR,short,2026-02-18T08:20:00+00:00,4926.74,2026-02-18T08:25:00+00:00,4923.87236,4932.75179,4914.71643,4.00786,scalp_trail,1,4922.67,40.7,28.68,24.48
INTRABAR,long,2026-02-18T14:45:00+00:00,4986.05,2026-02-18T14:50:00+00:00,4991.63757,4973.38786,5011.37429,8.44143,scalp_trail,1,4994.17,81.2,55.88,51.68
INTRABAR,long,2026-02-19T08:15:00+00:00,5012.15,2026-02-19T08:20:00+00:00,5013.3045,5006.4725,5023.505,3.785,scalp_trail,1,5014.44,22.9,11.54,7.34
INTRABAR,long,2026-02-19T14:50:00+00:00,4995.42,2026-02-19T14:55:00+00:00,5008.00093,4981.97464,5022.31071,8.96357,scalp_trail,1,5010.69,152.7,125.81,121.61
INTRABAR,long,2026-02-20T08:25:00+00:00,5016.47,2026-02-20T08:30:00+00:00,5020.78214,5007.93071,5033.54857,5.69286,scalp_trail,1,5022.49,60.2,43.12,38.92
INTRABAR,long,2026-02-20T14:45:00+00:00,5054.87,2026-02-20T14:50:00+00:00,5058.01979,5043.31893,5077.97214,7.70071,scalp_trail,1,5060.33,54.6,31.5,27.3
INTRABAR,short,2026-02-23T08:20:00+00:00,5131.03,2026-02-23T08:25:00+00:00,5124.37329,5141.14643,5110.79714,6.74429,scalp_trail,1,5122.35,86.8,66.57,62.37
INTRABAR,long,2026-02-23T14:45:00+00:00,5190.96,2026-02-23T14:50:00+00:00,5198.27757,5181.14786,5210.58429,6.54143,scalp_trail,1,5200.24,92.8,73.18,68.98
INTRABAR,short,2026-02-24T08:15:00+00:00,5169.6,2026-02-24T08:20:00+00:00,5167.1355,5179.9275,5148.945,6.885,scalp_trail,1,5165.07,45.3,24.65,20.45
INTRABAR,long,2026-02-24T15:40:00+00:00,5139.21,2026-02-24T15:45:00+00:00,5152.60164,5125.36821,5166.89357,9.22786,scalp_trail,1,5155.37,161.6,133.92,129.72
INTRABAR,long,2026-02-25T08:15:00+00:00,5190.16,2026-02-25T08:20:00+00:00,5192.71343,5183.12714,5204.22571,4.68857,scalp_trail,1,5194.12,39.6,25.53,21.33
INTRABAR,long,2026-02-25T15:00:00+00:00,5181.18,2026-02-25T15:05:00+00:00,5200.01979,5169.47893,5204.58214,7.80071,scalp_trail,1,5202.36,211.8,188.4,184.2
INTRABAR,short,2026-02-26T08:25:00+00:00,5179.44,2026-02-26T08:30:00+00:00,5172.72907,5187.78536,5162.74929,5.56357,scalp_trail,1,5171.06,83.8,67.11,62.91
INTRABAR,short,2026-02-26T15:25:00+00:00,5139.46,2026-02-26T15:35:00+00:00,5158.33964,5158.33964,5101.70071,12.58643,sl,2,5139.46,0.0,-188.8,-193.0
INTRABAR,short,2026-02-27T08:20:00+00:00,5176.23,2026-02-27T09:45:00+00:00,5174.01164,5183.08821,5162.51357,4.57214,scalp_trail,17,5172.64,35.9,22.18,17.98
INTRABAR,long,2026-02-27T15:05:00+00:00,5233.57,2026-02-27T15:10:00+00:00,5237.15643,5219.20214,5262.30571,9.57857,scalp_trail,1,5240.03,64.6,35.86,31.66
INTRABAR,long,2026-03-02T08:25:00+00:00,5412.63,2026-03-02T08:40:00+00:00,5401.44964,5401.44964,5434.99071,7.45357,sl,3,5416.37,37.4,-111.8,-116.0
INTRABAR,short,2026-03-02T16:00:00+00:00,5306.97,2026-03-02T16:05:00+00:00,5279.46107,5336.37536,5248.15929,19.60357,scalp_trail,1,5273.58,333.9,275.09,270.89
INTRABAR,short,2026-03-03T08:15:00+00:00,5319.9,2026-03-03T08:20:00+00:00,5315.67157,5331.65786,5296.38429,7.83857,scalp_trail,1,5313.32,65.8,42.28,38.08
INTRABAR,short,2026-03-03T14:45:00+00:00,5062.02,2026-03-03T14:50:00+00:00,5023.22557,5098.79786,4988.46429,24.51857,scalp_trail,1,5015.87,461.5,387.94,383.74
INTRABAR,long,2026-03-04T08:40:00+00:00,5172.15,2026-03-04T08:45:00+00:00,5178.90679,5159.23393,5197.98214,8.61071,scalp_trail,1,5181.49,93.4,67.57,63.37
INTRABAR,short,2026-03-04T14:45:00+00:00,5163.01,2026-03-04T14:50:00+00:00,5148.97257,5183.42286,5122.18429,13.60857,scalp_trail,1,5144.89,181.2,140.37,136.17
INTRABAR,short,2026-03-05T08:15:00+00:00,5141.9,2026-03-05T08:20:00+00:00,5139.39279,5151.06393,5123.57214,6.10929,scalp_trail,1,5137.56,43.4,25.07,20.87
INTRABAR,short,2026-03-05T15:05:00+00:00,5090.91,2026-03-05T15:10:00+00:00,5069.76886,5118.45429,5035.82143,18.36286,scalp_trail,1,5064.26,266.5,211.41,207.21
INTRABAR,short,2026-03-06T08:20:00+00:00,5110.75,2026-03-06T08:25:00+00:00,5101.06729,5119.03643,5094.17714,5.52429,scalp_trail,1,5099.41,113.4,96.83,92.63
INTRABAR,long,2026-03-06T14:55:00+00:00,5115.2,2026-03-06T15:00:00+00:00,5153.99693,5090.83464,5163.93071,16.24357,scalp_trail,1,5158.87,436.7,387.97,383.77
INTRABAR,short,2026-03-09T08:15:00+00:00,5099.05,2026-03-09T08:25:00+00:00,5093.00407,5110.32036,5076.50929,7.51357,scalp_trail,2,5090.75,83.0,60.46,56.26
INTRABAR,long,2026-03-09T14:45:00+00:00,5114.62,2026-03-09T14:50:00+00:00,5092.71786,5092.71786,5158.42429,14.60143,sl,1,5114.62,0.0,-219.02,-223.22
INTRABAR,long,2026-03-10T08:30:00+00:00,5185.25,2026-03-10T08:35:00+00:00,5188.86021,5177.00107,5201.74786,5.49929,scalp_trail,1,5190.51,52.6,36.1,31.9
INTRABAR,long,2026-03-10T15:00:00+00:00,5213.48,2026-03-10T15:10:00+00:00,5223.56229,5199.34143,5241.75714,9.42571,scalp_trail,2,5226.39,129.1,100.82,96.62
INTRABAR,short,2026-03-11T08:20:00+00:00,5188.07,2026-03-11T08:25:00+00:00,5183.17814,5196.51071,5171.18857,5.62714,scalp_trail,1,5181.49,65.8,48.92,44.72
INTRABAR,short,2026-03-11T15:10:00+00:00,5174.52,2026-03-11T15:15:00+00:00,5171.15386,5187.73929,5148.08143,8.81286,scalp_trail,1,5168.51,60.1,33.66,29.46
INTRABAR,long,2026-03-12T09:55:00+00:00,5189.74,2026-03-12T10:15:00+00:00,5183.395,5183.395,5202.43,4.23,sl,4,5191.69,19.5,-63.45,-67.65
INTRABAR,short,2026-03-12T16:00:00+00:00,5139.75,2026-03-12T16:05:00+00:00,5124.98571,5152.77857,5113.69286,8.68571,scalp_trail,1,5122.38,173.7,147.64,143.44
INTRABAR,short,2026-03-13T08:20:00+00:00,5066.72,2026-03-13T08:35:00+00:00,5078.97929,5078.97929,5042.20143,8.17286,sl,3,5065.76,9.6,-122.59,-126.79
INTRABAR,short,2026-03-13T14:45:00+00:00,5074.76,2026-03-13T14:50:00+00:00,5060.42979,5087.05893,5050.16214,8.19929,scalp_trail,1,5057.97,167.9,143.3,139.1
INTRABAR,short,2026-03-16T08:15:00+00:00,4988.55,2026-03-16T08:20:00+00:00,4999.39393,4999.39393,4966.86214,7.22929,sl,1,4988.55,0.0,-108.44,-112.64
INTRABAR,short,2026-03-16T14:45:00+00:00,5000.39,2026-03-16T14:50:00+00:00,4993.88071,5013.19357,4974.78286,8.53571,scalp_trail,1,4991.32,90.7,65.09,60.89
INTRABAR,long,2026-03-17T08:15:00+00:00,5026.24,2026-03-17T08:20:00+00:00,5028.07529,5018.41643,5041.88714,5.21571,scalp_trail,1,5029.64,34.0,18.35,14.15
INTRABAR,short,2026-03-17T15:25:00+00:00,5003.05,2026-03-17T15:30:00+00:00,4994.38936,5014.44679,4980.25643,7.59786,scalp_trail,1,4992.11,109.4,86.61,82.41
INTRABAR,short,2026-03-18T08:20:00+00:00,4987.5,2026-03-18T08:25:00+00:00,4985.66964,4994.59821,4973.30357,4.73214,scalp_trail,1,4984.25,32.5,18.3,14.1
INTRABAR,long,2026-03-18T16:55:00+00:00,4865.12,2026-03-18T17:00:00+00:00,4883.49286,4855.93357,4883.49286,6.12429,tp,1,4865.12,0.0,183.73,179.53
INTRABAR,short,2026-03-19T08:30:00+00:00,4701.32,2026-03-19T08:40:00+00:00,4692.19907,4727.96536,4648.02929,17.76357,scalp_trail,2,4686.87,144.5,91.21,87.01
INTRABAR,short,2026-03-19T15:30:00+00:00,4581.06,2026-03-19T15:45:00+00:00,4572.25521,4612.03607,4519.10786,20.65071,scalp_trail,3,4566.06,150.0,88.05,83.85
INTRABAR,long,2026-03-20T08:15:00+00:00,4717.55,2026-03-20T08:20:00+00:00,4730.267,4707.635,4737.38,6.61,scalp_trail,1,4732.25,147.0,127.17,122.97
INTRABAR,short,2026-03-20T14:50:00+00:00,4557.53,2026-03-20T15:25:00+00:00,4546.44529,4586.90643,4498.77714,19.58429,scalp_trail,7,4540.57,169.6,110.85,106.65
INTRABAR,long,2026-03-23T09:15:00+00:00,4255.73,2026-03-23T09:20:00+00:00,4293.647,4218.215,4330.76,25.01,scalp_trail,1,4301.15,454.2,379.17,374.97
INTRABAR,short,2026-03-23T15:45:00+00:00,4469.95,2026-03-23T15:50:00+00:00,4405.96429,4501.94286,4405.96429,21.32857,tp,1,4469.95,0.0,639.86,635.66
INTRABAR,long,2026-03-24T09:40:00+00:00,4420.75,2026-03-24T09:55:00+00:00,4427.89479,4405.67393,4450.90214,10.05071,scalp_trail,3,4430.91,101.6,71.45,67.25
INTRABAR,long,2026-03-24T15:45:00+00:00,4420.71,2026-03-24T15:50:00+00:00,4426.1225,4399.2225,4463.685,14.325,scalp_trail,1,4430.42,97.1,54.13,49.93
INTRABAR,long,2026-03-25T08:20:00+00:00,4559.04,2026-03-25T08:25:00+00:00,4564.83357,4546.70786,4583.70429,8.22143,scalp_trail,1,4567.3,82.6,57.94,53.74
INTRABAR,long,2026-03-25T14:45:00+00:00,4569.07,2026-03-25T14:50:00+00:00,4575.94471,4552.74357,4601.72286,10.88429,scalp_trail,1,4579.21,101.4,68.75,64.55
INTRABAR,short,2026-03-26T08:15:00+00:00,4440.42,2026-03-26T08:20:00+00:00,4433.084,4455.09,4411.08,9.78,scalp_trail,1,4430.15,102.7,73.36,69.16
INTRABAR,short,2026-03-26T15:35:00+00:00,4458.37,2026-03-26T15:40:00+00:00,4441.99264,4478.38321,4418.34357,13.34214,scalp_trail,1,4437.99,203.8,163.77,159.57
INTRABAR,short,2026-03-27T08:15:00+00:00,4443.04,2026-03-27T08:20:00+00:00,4438.09021,4451.74107,4425.63786,5.80071,scalp_trail,1,4436.35,66.9,49.5,45.3
INTRABAR,long,2026-03-27T14:45:00+00:00,4464.05,2026-03-27T14:50:00+00:00,4495.83186,4444.65929,4502.83143,12.92714,scalp_trail,1,4499.71,356.6,317.82,313.62
INTRABAR,long,2026-03-30T08:30:00+00:00,4537.09,2026-03-30T09:15:00+00:00,4527.02286,4527.02286,4557.22429,6.71143,sl,9,4540.75,36.6,-100.67,-104.87
INTRABAR,long,2026-03-30T15:40:00+00:00,4533.62,2026-03-30T15:45:00+00:00,4553.46543,4519.29714,4562.26571,9.54857,scalp_trail,1,4556.33,227.1,198.45,194.25
INTRABAR,long,2026-03-31T08:35:00+00:00,4573.36,2026-03-31T09:00:00+00:00,4564.35143,4564.35143,4591.37714,6.00571,sl,5,4574.18,8.2,-90.09,-94.29
INTRABAR,long,2026-03-31T16:35:00+00:00,4630.1,2026-03-31T16:40:00+00:00,4649.18407,4617.82036,4654.65929,8.18643,scalp_trail,1,4651.64,215.4,190.84,186.64
INTRABAR,long,2026-04-01T08:15:00+00:00,4726.45,2026-04-01T08:25:00+00:00,4732.72557,4711.17786,4756.99429,10.18143,scalp_trail,2,4735.78,93.3,62.76,58.56
INTRABAR,long,2026-04-01T14:45:00+00:00,4756.59,2026-04-01T14:50:00+00:00,4764.9305,4738.9425,4791.885,11.765,scalp_trail,1,4768.46,118.7,83.41,79.21
INTRABAR,short,2026-04-02T08:45:00+00:00,4628.99,2026-04-02T08:55:00+00:00,4620.51464,4642.61321,4601.74357,9.08214,scalp_trail,2,4617.79,112.0,84.75,80.55
INTRABAR,long,2026-04-06T08:25:00+00:00,4694.54,2026-04-06T09:00:00+00:00,4700.17186,4682.49929,4718.62143,8.02714,scalp_trail,7,4702.58,80.4,56.32,52.12
INTRABAR,short,2026-04-06T15:05:00+00:00,4678.68,2026-04-06T15:10:00+00:00,4664.77886,4695.12429,4645.79143,10.96286,scalp_trail,1,4661.49,171.9,139.01,134.81
INTRABAR,long,2026-04-07T08:20:00+00:00,4665.08,2026-04-07T08:25:00+00:00,4684.62179,4651.18893,4692.86214,9.26071,scalp_trail,1,4687.4,223.2,195.42,191.22
INTRABAR,short,2026-04-07T14:50:00+00:00,4642.58,2026-04-07T14:55:00+00:00,4634.20257,4662.99286,4601.75429,13.60857,scalp_trail,1,4630.12,124.6,83.77,79.57
INTRABAR,long,2026-04-08T08:15:00+00:00,4819.38,2026-04-08T08:20:00+00:00,4809.84214,4809.84214,4838.45571,6.35857,sl,1,4819.38,0.0,-95.38,-99.58
INTRABAR,short,2026-04-08T14:45:00+00:00,4751.1,2026-04-08T14:55:00+00:00,4736.45214,4770.76071,4711.77857,13.10714,scalp_trail,2,4732.52,185.8,146.48,142.28
INTRABAR,long,2026-04-09T08:20:00+00:00,4726.51,2026-04-09T08:40:00+00:00,4730.93193,4715.56964,4748.39071,7.29357,scalp_trail,4,4733.12,66.1,44.22,40.02
INTRABAR,long,2026-04-09T14:55:00+00:00,4767.72,2026-04-09T15:15:00+00:00,4780.785,4753.245,4796.67,9.65,scalp_trail,4,4783.68,159.6,130.65,126.45
INTRABAR,short,2026-04-10T08:15:00+00:00,4747.16,2026-04-10T08:20:00+00:00,4745.55464,4754.03321,4733.41357,4.58214,scalp_trail,1,4744.18,29.8,16.05,11.85
INTRABAR,short,2026-04-10T15:40:00+00:00,4774.66,2026-04-10T15:45:00+00:00,4765.59393,4787.77964,4748.42071,8.74643,scalp_trail,1,4762.97,116.9,90.66,86.46
INTRABAR,short,2026-04-13T08:55:00+00:00,4732.28,2026-04-13T09:00:00+00:00,4724.37829,4740.22143,4716.39714,5.29429,scalp_trail,1,4722.79,94.9,79.02,74.82
INTRABAR,short,2026-04-13T15:00:00+00:00,4708.69,2026-04-13T15:05:00+00:00,4702.84171,4721.29857,4683.47286,8.40571,scalp_trail,1,4700.32,83.7,58.48,54.28
INTRABAR,long,2026-04-14T08:25:00+00:00,4782.58,2026-04-14T08:30:00+00:00,4787.53064,4773.88321,4799.97357,5.79786,scalp_trail,1,4789.27,66.9,49.51,45.31
INTRABAR,long,2026-04-14T16:25:00+00:00,4817.97,2026-04-14T17:05:00+00:00,4831.1405,4809.0225,4835.865,5.965,scalp_trail,8,4832.93,149.6,131.71,127.51
INTRABAR,short,2026-04-15T09:10:00+00:00,4804.6,2026-04-15T09:25:00+00:00,4799.37536,4813.92679,4785.94643,6.21786,scalp_trail,3,4797.51,70.9,52.25,48.05
INTRABAR,short,2026-04-15T15:15:00+00:00,4815.48,2026-04-15T15:20:00+00:00,4804.57721,4824.61607,4797.20786,6.09071,scalp_trail,1,4802.75,127.3,109.03,104.83
INTRABAR,short,2026-04-16T08:30:00+00:00,4807.29,2026-04-16T08:55:00+00:00,4814.19536,4814.19536,4793.47929,4.60357,sl,5,4807.29,0.0,-69.05,-73.25
INTRABAR,long,2026-04-16T16:05:00+00:00,4800.59,2026-04-16T16:10:00+00:00,4805.32764,4790.22821,4821.31357,6.90786,scalp_trail,1,4807.4,68.1,47.38,43.18
INTRABAR,long,2026-04-17T08:45:00+00:00,4790.99,2026-04-17T08:50:00+00:00,4793.33321,4783.50607,4805.95786,4.98929,scalp_trail,1,4794.83,38.4,23.43,19.23
INTRABAR,long,2026-04-20T08:50:00+00:00,4791.77,2026-04-20T08:55:00+00:00,4794.997,4785.905,4803.5,3.91,scalp_trail,1,4796.17,44.0,32.27,28.07
INTRABAR,short,2026-04-20T15:00:00+00:00,4810.61,2026-04-20T15:05:00+00:00,4797.93343,4822.92714,4785.97571,8.21143,scalp_trail,1,4795.47,151.4,126.77,122.57
INTRABAR,long,2026-04-21T08:40:00+00:00,4787.61,2026-04-21T08:45:00+00:00,4791.28779,4779.74893,4803.33214,5.24071,scalp_trail,1,4792.86,52.5,36.78,32.58
INTRABAR,short,2026-04-21T14:45:00+00:00,4743.73,2026-04-21T14:50:00+00:00,4726.50229,4757.64143,4715.90714,9.27429,scalp_trail,1,4723.72,200.1,172.28,168.08
INTRABAR,short,2026-04-22T08:15:00+00:00,4757.75,2026-04-22T08:20:00+00:00,4755.32043,4762.85214,4747.54571,3.40143,scalp_trail,1,4754.3,34.5,24.3,20.1
INTRABAR,short,2026-04-22T15:15:00+00:00,4729.96,2026-04-22T15:40:00+00:00,4727.97679,4739.39393,4711.09214,6.28929,scalp_trail,5,4726.09,38.7,19.83,15.63
INTRABAR,short,2026-04-23T08:40:00+00:00,4717.51,2026-04-23T08:45:00+00:00,4703.41736,4725.39679,4701.73643,5.25786,scalp_trail,1,4701.84,156.7,140.93,136.73
INTRABAR,long,2026-04-23T14:50:00+00:00,4734.71,2026-04-23T15:15:00+00:00,4738.61743,4724.19714,4755.73571,7.00857,scalp_trail,5,4740.72,60.1,39.07,34.87
INTRABAR,long,2026-04-24T08:20:00+00:00,4694.65,2026-04-24T08:25:00+00:00,4688.19464,4688.19464,4707.56071,4.30357,sl,1,4694.65,0.0,-64.55,-68.75
INTRABAR,long,2026-04-24T15:45:00+00:00,4732.88,2026-04-24T15:50:00+00:00,4724.11786,4724.11786,4750.40429,5.84143,sl,1,4732.88,0.0,-87.62,-91.82
INTRABAR,short,2026-04-27T08:20:00+00:00,4710.22,2026-04-27T08:30:00+00:00,4708.16586,4715.69929,4699.26143,3.65286,scalp_trail,2,4707.07,31.5,20.54,16.34
INTRABAR,short,2026-04-27T14:50:00+00:00,4683.53,2026-04-27T14:55:00+00:00,4678.44621,4693.16107,4664.26786,6.42071,scalp_trail,1,4676.52,70.1,50.84,46.64
INTRABAR,short,2026-04-28T09:20:00+00:00,4614.83,2026-04-28T09:30:00+00:00,4612.54229,4622.74143,4599.00714,5.27429,scalp_trail,2,4610.96,38.7,22.88,18.68
