direction,session,entry_ts,entry_price,box_high,box_low,atr,sl,tp,exit_ts,exit_price,exit_reason,bars_held,pnl_pips,net_pips,is_oos,orb_internal_dir,h1_aligned,atr_percentile,h2_regime,orb_size_atr,h3_tier,h5_swept_pre
short,london,2025-05-12T09:35:00+00:00,3220.28,3232.1,3220.74,4.40643,3226.88964,3207.06071,2025-05-12T11:50:00+00:00,3226.88964,sl,27,-66.1,-70.3,False,down,True,50.0,normal,0.0,narrow,False
short,ny,2025-05-12T16:10:00+00:00,3231.61,3247.76,3240.12,3.91214,3237.47821,3219.87357,2025-05-12T19:25:00+00:00,3237.47821,sl,39,-58.68,-62.88,False,down,True,50.0,normal,0.0,narrow,False
short,london,2025-05-13T09:35:00+00:00,3252.18,3261.14,3257.49,2.42,3255.81,3244.92,2025-05-13T10:20:00+00:00,3255.81,sl,9,-36.3,-40.5,False,down,True,50.0,normal,0.0,narrow,False
long,ny,2025-05-13T14:45:00+00:00,3248.69,3248.09,3239.27,4.97857,3241.22214,3263.62571,2025-05-13T20:45:00+00:00,3251.33,time,72,26.4,22.2,False,up,True,50.0,normal,0.0,narrow,False
short,london,2025-05-14T08:45:00+00:00,3233.52,3243.59,3235.47,3.69643,3239.06464,3222.43071,2025-05-14T11:25:00+00:00,3239.06464,sl,32,-55.45,-59.65,False,down,True,50.0,normal,0.0,narrow,False
short,ny,2025-05-14T15:00:00+00:00,3180.27,3186.06,3180.45,5.53286,3188.56929,3163.67143,2025-05-14T16:50:00+00:00,3188.56929,sl,22,-82.99,-87.19,False,up,False,50.0,normal,0.0,narrow,False
long,london,2025-05-15T08:25:00+00:00,3151.48,3151.41,3139.23,4.83571,3144.22643,3165.98714,2025-05-15T09:10:00+00:00,3165.98714,tp,9,145.07,140.87,False,up,True,50.0,normal,0.0,narrow,False
long,ny,2025-05-15T15:00:00+00:00,3206.3,3206.05,3197.88,4.74571,3199.18143,3220.53714,2025-05-15T16:15:00+00:00,3220.53714,tp,15,142.37,138.17,False,down,False,50.0,normal,0.0,narrow,False
short,london,2025-05-16T10:40:00+00:00,3196.2,3208.63,3197.11,3.72071,3201.78107,3185.03786,2025-05-16T10:50:00+00:00,3185.03786,tp,2,111.62,107.42,False,down,True,50.0,normal,0.0,narrow,False
long,ny,2025-05-16T15:45:00+00:00,3183.99,3177.65,3166.26,4.03357,3177.93964,3196.09071,2025-05-16T20:00:00+00:00,3196.09071,tp,51,121.01,116.81,False,down,False,50.0,normal,0.0,narrow,False
long,london,2025-05-19T08:15:00+00:00,3237.71,3235.84,3230.08,3.20286,3232.90571,3247.31857,2025-05-19T09:00:00+00:00,3247.31857,tp,9,96.09,91.89,False,up,True,50.0,normal,0.0,narrow,False
long,london,2025-05-20T08:30:00+00:00,3225.27,3224.37,3219.28,3.15857,3220.53214,3234.74571,2025-05-20T08:55:00+00:00,3234.74571,tp,5,94.76,90.56,False,down,False,50.0,normal,0.0,narrow,False
long,london,2025-05-21T09:30:00+00:00,3311.08,3310.84,3303.97,2.36286,3307.53571,3318.16857,2025-05-21T09:45:00+00:00,3307.53571,sl,3,-35.44,-39.64,False,down,False,50.0,normal,0.0,narrow,False
long,ny,2025-05-21T15:05:00+00:00,3308.74,3306.29,3301.84,4.33786,3302.23321,3321.75357,2025-05-21T19:05:00+00:00,3321.75357,tp,48,130.14,125.94,False,down,False,50.0,normal,0.0,narrow,False
short,london,2025-05-22T08:15:00+00:00,3323.81,3329.91,3325.54,3.09786,3328.45679,3314.51643,2025-05-22T08:30:00+00:00,3314.51643,tp,3,92.94,88.74,False,down,True,50.0,normal,0.0,narrow,False
short,ny,2025-05-22T15:00:00+00:00,3292.82,3302.98,3295.45,6.04143,3301.88214,3274.69571,2025-05-22T16:35:00+00:00,3301.88214,sl,19,-90.62,-94.82,False,up,False,50.0,normal,0.0,narrow,False
long,london,2025-05-23T09:20:00+00:00,3331.1,3329.37,3325.56,2.69357,3327.05964,3339.18071,2025-05-23T10:00:00+00:00,3327.05964,sl,8,-40.4,-44.6,False,up,True,50.0,normal,0.0,narrow,False
long,ny,2025-05-23T14:50:00+00:00,3356.56,3354.64,3348.38,5.31357,3348.58964,3372.50071,2025-05-23T20:50:00+00:00,3359.87,time,72,33.1,28.9,False,up,True,50.0,normal,0.0,narrow,False
short,london,2025-05-26T09:20:00+00:00,3332.31,3339.67,3332.82,2.76714,3336.46071,3324.00857,2025-05-26T09:25:00+00:00,3324.00857,tp,1,83.01,78.81,False,down,True,50.0,normal,0.083,narrow,False
long,ny,2025-05-26T16:20:00+00:00,3339.73,3339.64,3335.73,1.42286,3337.59571,3343.99857,2025-05-26T22:00:00+00:00,3343.99857,tp,22,42.69,38.49,False,up,True,50.0,normal,0.047,narrow,False
short,london,2025-05-27T09:35:00+00:00,3295.89,3310.4,3296.18,4.55143,3302.71714,3282.23571,2025-05-27T13:30:00+00:00,3302.71714,sl,47,-68.27,-72.47,False,up,False,50.0,normal,0.184,narrow,False
long,ny,2025-05-27T15:00:00+00:00,3300.55,3300.49,3295.58,3.76929,3294.89607,3311.85786,2025-05-27T15:20:00+00:00,3294.89607,sl,4,-56.54,-60.74,False,up,True,50.0,normal,0.064,narrow,False
long,london,2025-05-28T09:45:00+00:00,3323.91,3323.89,3317.43,2.37143,3320.35286,3331.02429,2025-05-28T10:10:00+00:00,3320.35286,sl,5,-35.57,-39.77,False,up,True,50.0,normal,0.082,narrow,False
short,ny,2025-05-28T14:50:00+00:00,3301.34,3308.41,3301.59,3.71,3306.905,3290.21,2025-05-28T16:45:00+00:00,3290.21,tp,23,111.3,107.1,False,down,True,50.0,normal,0.087,narrow,False
long,london,2025-05-29T10:15:00+00:00,3294.7,3289.39,3283.71,2.83,3290.455,3303.19,2025-05-29T11:30:00+00:00,3303.19,tp,15,84.9,80.7,False,down,False,50.0,normal,0.076,narrow,False
long,ny,2025-05-29T15:00:00+00:00,3314.63,3312.47,3304.8,4.64714,3307.65929,3328.57143,2025-05-29T16:10:00+00:00,3328.57143,tp,14,139.41,135.21,False,down,False,50.0,normal,0.102,narrow,False
long,london,2025-05-30T10:05:00+00:00,3299.6,3299.28,3291.62,2.18929,3296.31607,3306.16786,2025-05-30T10:25:00+00:00,3296.31607,sl,4,-32.84,-37.04,False,up,True,50.0,normal,0.101,narrow,False
long,ny,2025-05-30T15:40:00+00:00,3290.78,3285.17,3273.41,4.38643,3284.20036,3303.93929,2025-05-30T16:35:00+00:00,3284.20036,sl,11,-65.8,-70.0,False,down,False,50.0,normal,0.155,narrow,False
long,london,2025-06-02T11:35:00+00:00,3358.79,3356.39,3350.62,3.13071,3354.09393,3368.18214,2025-06-02T11:50:00+00:00,3354.09393,sl,3,-46.96,-51.16,False,up,True,0.0,compression,0.081,narrow,False
long,ny,2025-06-02T16:00:00+00:00,3378.11,3377.92,3372.15,2.88357,3373.78464,3386.76071,2025-06-02T16:10:00+00:00,3373.78464,sl,2,-43.25,-47.45,False,up,True,0.0,compression,0.081,narrow,False
short,london,2025-06-03T09:05:00+00:00,3359.36,3364.9,3359.67,2.19786,3362.65679,3352.76643,2025-06-03T12:05:00+00:00,3352.76643,tp,36,65.94,61.74,False,up,False,33.3,normal,0.07,narrow,False
short,ny,2025-06-03T15:00:00+00:00,3344.75,3350.17,3345.21,4.26214,3351.14321,3331.96357,2025-06-03T15:30:00+00:00,3351.14321,sl,6,-63.93,-68.13,False,up,False,33.3,normal,0.066,narrow,False
long,london,2025-06-04T08:45:00+00:00,3361.39,3357.29,3351.7,2.54071,3357.57893,3369.01214,2025-06-04T10:30:00+00:00,3357.57893,sl,21,-38.11,-42.31,False,up,True,14.3,compression,0.077,narrow,False
long,london,2025-06-05T08:35:00+00:00,3373.47,3373.38,3369.73,1.92429,3370.58357,3379.24286,2025-06-05T09:15:00+00:00,3379.24286,tp,8,57.73,53.53,False,down,False,0.0,compression,0.055,narrow,False
short,ny,2025-06-05T14:45:00+00:00,3367.22,3383.21,3369.49,6.64,3377.18,3347.3,2025-06-05T15:45:00+00:00,3347.3,tp,12,199.2,195.0,False,down,True,0.0,compression,0.206,narrow,False
long,london,2025-06-06T08:40:00+00:00,3367.15,3362.24,3358.53,3.02929,3362.60607,3376.23786,2025-06-06T09:05:00+00:00,3362.60607,sl,5,-45.44,-49.64,False,down,False,0.0,compression,0.057,narrow,False
short,ny,2025-06-06T16:50:00+00:00,3321.04,3334.28,3322.54,2.85429,3325.32143,3312.47714,2025-06-06T17:00:00+00:00,3325.32143,sl,2,-42.81,-47.01,False,up,False,0.0,compression,0.182,narrow,False
short,london,2025-06-09T09:30:00+00:00,3319.94,3325.5,3322.77,2.46,3323.63,3312.56,2025-06-09T10:50:00+00:00,3312.56,tp,16,73.8,69.6,False,down,True,10.0,compression,0.041,narrow,False
long,ny,2025-06-09T15:05:00+00:00,3323.77,3322.71,3316.12,3.09786,3319.12321,3333.06357,2025-06-09T16:20:00+00:00,3333.06357,tp,15,92.94,88.74,False,down,False,10.0,compression,0.1,narrow,False
long,london,2025-06-10T08:15:00+00:00,3332.83,3332.66,3326.83,3.07429,3328.21857,3342.05286,2025-06-10T08:35:00+00:00,3328.21857,sl,4,-46.11,-50.31,False,up,True,0.0,compression,0.094,narrow,False
short,ny,2025-06-10T14:50:00+00:00,3327.92,3333.59,3329.03,4.39357,3334.51036,3314.73929,2025-06-10T19:35:00+00:00,3334.51036,sl,57,-65.9,-70.1,False,down,True,0.0,compression,0.073,narrow,False
long,london,2025-06-11T08:40:00+00:00,3346.29,3345.76,3343.87,2.63214,3342.34179,3354.18643,2025-06-11T09:00:00+00:00,3342.34179,sl,4,-39.48,-43.68,False,up,True,8.3,compression,0.03,narrow,False
long,ny,2025-06-11T15:15:00+00:00,3341.49,3341.3,3332.4,3.28643,3336.56036,3351.34929,2025-06-11T15:40:00+00:00,3336.56036,sl,5,-49.3,-53.5,False,up,True,8.3,compression,0.142,narrow,False
long,london,2025-06-12T09:50:00+00:00,3366.73,3351.38,3346.5,3.17286,3361.97071,3376.24857,2025-06-12T10:25:00+00:00,3376.24857,tp,7,95.19,90.99,False,up,True,0.0,compression,0.079,narrow,False
short,ny,2025-06-12T15:10:00+00:00,3380.02,3390.63,3384.47,4.36357,3386.56536,3366.92929,2025-06-12T15:20:00+00:00,3386.56536,sl,2,-65.45,-69.65,False,up,False,0.0,compression,0.099,narrow,False
long,london,2025-06-13T08:20:00+00:00,3425.58,3422.7,3414.36,3.58429,3420.20357,3436.33286,2025-06-13T09:30:00+00:00,3420.20357,sl,14,-53.76,-57.96,False,up,True,0.0,compression,0.138,narrow,False
long,ny,2025-06-13T14:45:00+00:00,3439.56,3436.82,3433.0,5.10214,3431.90679,3454.86643,2025-06-13T14:50:00+00:00,3431.90679,sl,1,-76.53,-80.73,False,up,True,0.0,compression,0.063,narrow,False
long,london,2025-06-16T10:45:00+00:00,3418.81,3415.17,3409.79,2.48143,3415.08786,3426.25429,2025-06-16T11:45:00+00:00,3415.08786,sl,12,-37.22,-41.42,False,up,True,13.3,compression,0.087,narrow,False
short,london,2025-06-17T08:30:00+00:00,3384.87,3388.66,3384.91,2.88857,3389.20286,3376.20429,2025-06-17T09:05:00+00:00,3376.20429,tp,7,86.66,82.46,False,down,True,25.0,compression,0.06,narrow,False
short,london,2025-06-18T08:50:00+00:00,3383.33,3388.39,3384.97,2.05,3386.405,3377.18,2025-06-18T09:55:00+00:00,3377.18,tp,13,61.5,57.3,False,down,True,0.0,compression,0.057,narrow,False
long,ny,2025-06-18T14:45:00+00:00,3389.35,3388.77,3382.39,4.50714,3382.58929,3402.87143,2025-06-18T15:15:00+00:00,3382.58929,sl,6,-67.61,-71.81,False,up,True,0.0,compression,0.107,narrow,False
long,london,2025-06-19T08:35:00+00:00,3366.95,3366.5,3362.27,3.61071,3361.53393,3377.78214,2025-06-19T10:25:00+00:00,3377.78214,tp,22,108.32,104.12,False,down,False,0.0,compression,0.075,narrow,False
long,ny,2025-06-19T15:50:00+00:00,3370.14,3366.78,3361.67,2.64714,3366.16929,3378.08143,2025-06-19T16:15:00+00:00,3366.16929,sl,5,-39.71,-43.91,False,up,True,0.0,compression,0.091,narrow,False
long,london,2025-06-20T08:40:00+00:00,3352.27,3349.06,3346.75,2.17929,3349.00107,3358.80786,2025-06-20T09:45:00+00:00,3358.80786,tp,13,65.38,61.18,False,up,True,0.0,compression,0.042,narrow,False
long,ny,2025-06-20T15:00:00+00:00,3371.26,3370.45,3365.4,3.39143,3366.17286,3381.43429,2025-06-20T15:15:00+00:00,3366.17286,sl,3,-50.87,-55.07,False,down,False,0.0,compression,0.091,narrow,False
long,london,2025-06-23T09:00:00+00:00,3363.18,3362.37,3357.6,2.28786,3359.74821,3370.04357,2025-06-23T11:00:00+00:00,3370.04357,tp,24,68.64,64.44,False,down,False,0.0,compression,0.094,narrow,False
long,ny,2025-06-23T14:50:00+00:00,3384.63,3383.94,3377.65,4.65714,3377.64429,3398.60143,2025-06-23T17:25:00+00:00,3377.64429,sl,31,-69.86,-74.06,False,up,True,0.0,compression,0.124,narrow,False
short,london,2025-06-24T08:50:00+00:00,3326.01,3332.17,3326.32,3.38643,3331.08964,3315.85071,2025-06-24T12:10:00+00:00,3315.85071,tp,40,101.59,97.39,False,up,False,0.0,compression,0.116,narrow,False
short,ny,2025-06-24T15:00:00+00:00,3300.34,3309.01,3301.91,4.31857,3306.81786,3287.38429,2025-06-24T15:20:00+00:00,3306.81786,sl,4,-64.78,-68.98,False,up,False,0.0,compression,0.141,narrow,False
short,london,2025-06-25T08:15:00+00:00,3327.23,3332.38,3327.89,2.70143,3331.28214,3319.12571,2025-06-25T12:45:00+00:00,3319.12571,tp,54,81.04,76.84,False,down,True,9.1,compression,0.087,narrow,False
long,ny,2025-06-25T14:50:00+00:00,3324.21,3323.45,3320.55,2.94071,3319.79893,3333.03214,2025-06-25T16:40:00+00:00,3333.03214,tp,22,88.22,84.02,False,up,True,9.1,compression,0.056,narrow,False
long,london,2025-06-26T08:45:00+00:00,3347.81,3347.39,3344.43,1.74286,3345.19571,3353.03857,2025-06-26T09:00:00+00:00,3345.19571,sl,3,-26.14,-30.34,False,up,True,0.0,compression,0.06,narrow,False
long,ny,2025-06-26T16:10:00+00:00,3325.81,3320.23,3311.99,1.87643,3322.99536,3331.43929,2025-06-26T16:30:00+00:00,3331.43929,tp,4,56.29,52.09,False,up,True,0.0,compression,0.167,narrow,False
short,london,2025-06-27T10:50:00+00:00,3281.89,3287.88,3282.37,2.80571,3286.09857,3273.47286,2025-06-27T11:00:00+00:00,3286.09857,sl,2,-42.09,-46.29,False,down,True,0.0,compression,0.117,narrow,False
short,ny,2025-06-27T14:45:00+00:00,3265.71,3278.02,3265.92,4.97143,3273.16714,3250.79571,2025-06-27T15:00:00+00:00,3273.16714,sl,3,-74.57,-78.77,False,down,True,0.0,compression,0.256,narrow,False
short,london,2025-06-30T08:50:00+00:00,3290.28,3296.59,3292.78,2.44429,3293.94643,3282.94714,2025-06-30T09:05:00+00:00,3282.94714,tp,3,73.33,69.13,False,down,True,5.0,compression,0.078,narrow,False
long,ny,2025-06-30T16:05:00+00:00,3291.27,3289.55,3284.03,2.36214,3287.72679,3298.35643,2025-06-30T17:00:00+00:00,3298.35643,tp,11,70.86,66.66,False,up,True,5.0,compression,0.113,narrow,False
long,london,2025-07-01T09:20:00+00:00,3342.75,3342.08,3337.71,1.98571,3339.77143,3348.70714,2025-07-01T10:45:00+00:00,3348.70714,tp,17,59.57,55.37,False,down,False,14.3,compression,0.089,narrow,False
short,ny,2025-07-01T14:50:00+00:00,3344.06,3352.52,3345.98,3.62429,3349.49643,3333.18714,2025-07-01T20:50:00+00:00,3339.01,time,72,50.5,46.3,False,down,True,14.3,compression,0.133,narrow,False
long,london,2025-07-02T08:15:00+00:00,3337.44,3335.88,3333.02,2.57357,3333.57964,3345.16071,2025-07-02T08:50:00+00:00,3333.57964,sl,7,-38.6,-42.8,False,up,True,9.1,compression,0.058,narrow,False
long,ny,2025-07-02T14:55:00+00:00,3343.01,3340.65,3337.03,2.74429,3338.89357,3351.24286,2025-07-02T15:15:00+00:00,3338.89357,sl,4,-41.16,-45.36,False,up,True,9.1,compression,0.074,narrow,False
long,london,2025-07-03T08:40:00+00:00,3357.48,3353.83,3352.56,2.05643,3354.39536,3363.64929,2025-07-03T09:00:00+00:00,3354.39536,sl,4,-30.85,-35.05,False,up,True,4.5,compression,0.027,narrow,False
short,ny,2025-07-03T14:50:00+00:00,3325.11,3331.15,3325.74,4.22929,3331.45393,3312.42214,2025-07-03T16:35:00+00:00,3331.45393,sl,21,-63.44,-67.64,False,down,True,4.5,compression,0.114,narrow,False
short,london,2025-07-04T09:20:00+00:00,3339.18,3344.11,3340.86,1.705,3341.7375,3334.065,2025-07-04T09:30:00+00:00,3334.065,tp,2,51.15,46.95,False,down,True,0.0,compression,0.069,narrow,False
long,ny,2025-07-04T16:30:00+00:00,3334.36,3334.11,3330.99,1.00286,3332.85571,3337.36857,2025-07-06T22:00:00+00:00,3337.36857,tp,3,30.09,25.89,False,down,False,0.0,compression,0.066,narrow,False
long,london,2025-07-07T08:35:00+00:00,3310.65,3306.95,3301.24,2.61,3306.735,3318.48,2025-07-07T09:30:00+00:00,3306.735,sl,11,-39.15,-43.35,False,up,True,0.0,compression,0.131,narrow,False
long,ny,2025-07-07T14:50:00+00:00,3319.87,3319.78,3314.43,2.83929,3315.61107,3328.38786,2025-07-07T17:00:00+00:00,3328.38786,tp,26,85.18,80.98,False,up,True,0.0,compression,0.123,narrow,False
short,london,2025-07-08T08:45:00+00:00,3324.32,3333.96,3326.03,2.70643,3328.37964,3316.20071,2025-07-08T12:05:00+00:00,3328.37964,sl,40,-40.6,-44.8,False,down,True,4.8,compression,0.178,narrow,False
short,ny,2025-07-08T15:00:00+00:00,3294.53,3304.92,3295.03,4.59929,3301.42893,3280.73214,2025-07-08T16:55:00+00:00,3301.42893,sl,23,-68.99,-73.19,False,down,True,4.8,compression,0.222,narrow,False
short,london,2025-07-09T08:15:00+00:00,3286.67,3292.55,3288.5,2.91714,3291.04571,3277.91857,2025-07-09T10:00:00+00:00,3291.04571,sl,21,-43.76,-47.96,False,down,True,9.1,compression,0.089,narrow,False
long,ny,2025-07-09T16:35:00+00:00,3312.6,3312.41,3306.68,1.88,3309.78,3318.24,2025-07-09T17:00:00+00:00,3309.78,sl,5,-28.2,-32.4,False,up,True,9.1,compression,0.126,narrow,False
long,london,2025-07-10T08:40:00+00:00,3325.41,3322.44,3319.91,1.78,3322.74,3330.75,2025-07-10T10:10:00+00:00,3322.74,sl,18,-26.7,-30.9,False,up,True,9.1,compression,0.056,narrow,False
short,london,2025-07-11T08:55:00+00:00,3332.98,3343.35,3340.67,2.55286,3336.80929,3325.32143,2025-07-11T09:30:00+00:00,3336.80929,sl,7,-38.29,-42.49,False,up,False,4.5,compression,0.06,narrow,False
long,ny,2025-07-11T14:45:00+00:00,3360.59,3360.09,3355.11,3.59714,3355.19429,3371.38143,2025-07-11T16:15:00+00:00,3355.19429,sl,18,-53.96,-58.16,False,up,True,4.5,compression,0.112,narrow,False
short,london,2025-07-14T09:45:00+00:00,3367.11,3372.52,3369.42,1.75786,3369.74679,3361.83643,2025-07-14T09:55:00+00:00,3369.74679,sl,2,-26.37,-30.57,False,up,False,5.0,compression,0.071,narrow,False
short,london,2025-07-15T08:25:00+00:00,3357.75,3365.58,3362.09,1.94286,3360.66429,3351.92143,2025-07-15T08:30:00+00:00,3360.66429,sl,1,-29.14,-33.34,False,down,True,0.0,compression,0.083,narrow,False
short,ny,2025-07-15T14:50:00+00:00,3346.73,3352.06,3346.76,3.74929,3352.35393,3335.48214,2025-07-15T15:25:00+00:00,3335.48214,tp,7,112.48,108.28,False,up,False,0.0,compression,0.126,narrow,False
short,london,2025-07-16T10:15:00+00:00,3337.28,3342.39,3337.67,1.43571,3339.43357,3332.97286,2025-07-16T11:45:00+00:00,3339.43357,sl,18,-21.54,-25.74,False,up,False,4.5,compression,0.109,narrow,False
long,ny,2025-07-16T15:00:00+00:00,3345.02,3326.05,3319.7,5.72,3336.44,3362.18,2025-07-16T15:15:00+00:00,3362.18,tp,3,171.6,167.4,False,up,True,4.5,compression,0.147,narrow,False
short,london,2025-07-17T11:20:00+00:00,3325.21,3329.57,3325.52,1.98357,3328.18536,3319.25929,2025-07-17T12:25:00+00:00,3328.18536,sl,13,-29.75,-33.95,False,up,False,18.2,compression,0.091,narrow,False
long,ny,2025-07-17T15:00:00+00:00,3334.62,3334.2,3329.7,2.93071,3330.22393,3343.41214,2025-07-17T22:00:00+00:00,3341.3,time,72,66.8,62.6,False,up,True,18.2,compression,0.101,narrow,False
long,london,2025-07-18T09:05:00+00:00,3351.98,3350.35,3347.17,1.88429,3349.15357,3357.63286,2025-07-18T10:00:00+00:00,3349.15357,sl,11,-28.26,-32.46,False,down,False,4.5,compression,0.075,narrow,False
short,ny,2025-07-18T15:10:00+00:00,3352.92,3357.2,3353.64,2.32857,3356.41286,3345.93429,2025-07-18T16:35:00+00:00,3356.41286,sl,17,-34.93,-39.13,False,down,True,4.5,compression,0.084,narrow,False
long,london,2025-07-21T08:20:00+00:00,3365.0,3364.85,3363.07,1.53786,3362.69321,3369.61357,2025-07-21T11:10:00+00:00,3369.61357,tp,34,46.14,41.94,False,up,True,0.0,compression,0.044,narrow,False
long,london,2025-07-22T08:15:00+00:00,3388.29,3388.27,3386.2,1.42857,3386.14714,3392.57571,2025-07-22T09:20:00+00:00,3386.14714,sl,13,-21.43,-25.63,False,up,True,4.8,compression,0.05,narrow,False
long,ny,2025-07-22T15:00:00+00:00,3429.82,3427.63,3421.51,4.46071,3423.12893,3443.20214,2025-07-22T22:00:00+00:00,3430.61,time,72,7.9,3.7,False,up,True,4.8,compression,0.149,narrow,False
long,london,2025-07-23T08:20:00+00:00,3426.61,3425.19,3420.57,2.19357,3423.31964,3433.19071,2025-07-23T09:20:00+00:00,3433.19071,tp,12,65.81,61.61,False,up,True,9.1,compression,0.11,narrow,False
short,ny,2025-07-23T15:00:00+00:00,3410.48,3416.71,3410.78,2.99857,3414.97786,3401.48429,2025-07-23T15:10:00+00:00,3414.97786,sl,2,-44.98,-49.18,False,up,False,9.1,compression,0.142,narrow,False
short,london,2025-07-24T09:15:00+00:00,3364.51,3369.73,3365.73,2.31214,3367.97821,3357.57357,2025-07-24T12:45:00+00:00,3357.57357,tp,42,69.36,65.16,False,up,False,18.2,compression,0.095,narrow,False
short,ny,2025-07-24T16:50:00+00:00,3367.85,3377.4,3373.4,1.71,3370.415,3362.72,2025-07-24T17:25:00+00:00,3370.415,sl,7,-25.65,-29.85,False,up,False,18.2,compression,0.095,narrow,False
short,london,2025-07-25T08:15:00+00:00,3350.29,3355.27,3353.19,1.98214,3353.26321,3344.34357,2025-07-25T09:05:00+00:00,3344.34357,tp,10,59.46,55.26,False,down,True,36.4,normal,0.047,narrow,False
short,ny,2025-07-25T14:55:00+00:00,3331.74,3338.81,3332.38,3.41,3336.855,3321.51,2025-07-25T18:05:00+00:00,3336.855,sl,38,-51.15,-55.35,False,up,False,36.4,normal,0.147,narrow,False
short,london,2025-07-28T08:40:00+00:00,3333.82,3338.8,3334.74,2.36429,3337.36643,3326.72714,2025-07-28T09:00:00+00:00,3337.36643,sl,4,-35.46,-39.66,False,up,False,40.0,normal,0.093,narrow,False
short,ny,2025-07-28T14:55:00+00:00,3307.96,3313.85,3308.31,4.755,3315.0925,3293.695,2025-07-28T15:25:00+00:00,3315.0925,sl,6,-71.33,-75.53,False,up,False,40.0,normal,0.126,narrow,False
long,london,2025-07-29T08:15:00+00:00,3329.65,3327.33,3316.59,3.01286,3325.13071,3338.68857,2025-07-29T08:35:00+00:00,3325.13071,sl,4,-45.19,-49.39,False,up,True,33.3,normal,0.249,narrow,False
long,ny,2025-07-29T14:55:00+00:00,3328.91,3328.22,3323.01,3.40643,3323.80036,3339.12929,2025-07-29T15:30:00+00:00,3323.80036,sl,7,-51.1,-55.3,False,up,True,33.3,normal,0.121,narrow,False
long,london,2025-07-30T08:50:00+00:00,3332.91,3332.01,3327.51,2.07071,3329.80393,3339.12214,2025-07-30T09:35:00+00:00,3329.80393,sl,9,-31.06,-35.26,False,up,True,22.7,compression,0.106,narrow,False
short,ny,2025-07-30T15:05:00+00:00,3300.16,3305.32,3301.17,2.49286,3303.89929,3292.68143,2025-07-30T15:20:00+00:00,3292.68143,tp,3,74.79,70.59,False,up,False,22.7,compression,0.098,narrow,False
long,london,2025-07-31T08:15:00+00:00,3312.35,3309.94,3303.61,3.29429,3307.40857,3322.23286,2025-07-31T09:25:00+00:00,3307.40857,sl,14,-49.41,-53.61,False,up,True,81.8,expansion,0.139,narrow,False
short,ny,2025-07-31T16:10:00+00:00,3291.15,3298.21,3291.43,2.89857,3295.49786,3282.45429,2025-07-31T16:40:00+00:00,3295.49786,sl,6,-43.48,-47.68,False,up,False,81.8,expansion,0.149,narrow,False
long,london,2025-08-01T08:55:00+00:00,3294.25,3288.73,3285.35,2.16714,3290.99929,3300.75143,2025-08-01T10:50:00+00:00,3300.75143,tp,23,65.01,60.81,False,up,True,72.7,expansion,0.076,narrow,False
long,ny,2025-08-01T14:45:00+00:00,3347.2,3346.73,3341.32,5.26429,3339.30357,3362.99286,2025-08-01T20:45:00+00:00,3362.33,time,72,151.3,147.1,False,up,True,72.7,expansion,0.121,narrow,False
long,london,2025-08-04T08:25:00+00:00,3358.83,3356.98,3354.06,2.22643,3355.49036,3365.50929,2025-08-04T10:20:00+00:00,3355.49036,sl,23,-33.4,-37.6,False,up,True,100.0,expansion,0.061,narrow,False
short,ny,2025-08-04T16:45:00+00:00,3371.17,3379.76,3376.74,1.85214,3373.94821,3365.61357,2025-08-04T17:30:00+00:00,3373.94821,sl,9,-27.78,-31.98,False,down,True,100.0,expansion,0.063,narrow,False
long,london,2025-08-05T08:20:00+00:00,3373.6,3373.48,3370.65,2.04214,3370.53679,3379.72643,2025-08-05T08:40:00+00:00,3370.53679,sl,4,-30.63,-34.83,False,down,False,95.2,expansion,0.059,narrow,False
long,ny,2025-08-05T14:50:00+00:00,3386.1,3384.46,3378.66,3.94286,3380.18571,3397.92857,2025-08-05T16:30:00+00:00,3380.18571,sl,20,-59.14,-63.34,False,up,True,95.2,expansion,0.122,narrow,False
short,london,2025-08-06T08:15:00+00:00,3367.18,3374.7,3368.52,2.38143,3370.75214,3360.03571,2025-08-06T09:50:00+00:00,3360.03571,tp,19,71.44,67.24,False,down,True,90.9,expansion,0.133,narrow,False
long,ny,2025-08-06T14:45:00+00:00,3378.19,3377.32,3374.63,2.80429,3373.98357,3386.60286,2025-08-06T15:35:00+00:00,3373.98357,sl,10,-42.06,-46.26,False,up,True,90.9,expansion,0.058,narrow,False
short,london,2025-08-07T08:20:00+00:00,3374.14,3396.48,3379.99,3.975,3380.1025,3362.215,2025-08-07T08:45:00+00:00,3380.1025,sl,5,-59.63,-63.83,False,down,True,86.4,expansion,0.361,normal,False
long,ny,2025-08-07T15:10:00+00:00,3389.34,3389.2,3380.68,5.0,3381.84,3404.34,2025-08-07T22:00:00+00:00,3404.34,tp,70,150.0,145.8,False,up,True,86.4,expansion,0.186,narrow,False
short,london,2025-08-08T09:05:00+00:00,3396.84,3402.53,3399.91,2.32643,3400.32964,3389.86071,2025-08-08T09:15:00+00:00,3400.32964,sl,2,-34.9,-39.1,False,down,True,90.9,expansion,0.056,narrow,False
long,ny,2025-08-08T15:20:00+00:00,3393.71,3388.58,3381.11,3.44857,3388.53714,3404.05571,2025-08-08T17:55:00+00:00,3388.53714,sl,31,-51.73,-55.93,False,up,True,90.9,expansion,0.16,narrow,False
short,london,2025-08-11T09:05:00+00:00,3357.37,3363.0,3358.92,2.62643,3361.30964,3349.49071,2025-08-11T09:20:00+00:00,3361.30964,sl,3,-39.4,-43.6,False,down,True,70.0,normal,0.091,narrow,False
short,london,2025-08-12T08:30:00+00:00,3348.78,3355.7,3351.38,3.05929,3353.36893,3339.60214,2025-08-12T11:20:00+00:00,3339.60214,tp,34,91.78,87.58,False,down,True,71.4,expansion,0.096,narrow,False
short,ny,2025-08-12T14:45:00+00:00,3332.78,3338.83,3333.4,5.60286,3341.18429,3315.97143,2025-08-12T15:00:00+00:00,3341.18429,sl,3,-84.04,-88.24,False,up,False,71.4,expansion,0.12,narrow,False
long,london,2025-08-13T08:30:00+00:00,3357.41,3355.79,3352.84,2.33571,3353.90643,3364.41714,2025-08-13T09:40:00+00:00,3364.41714,tp,14,70.07,65.87,False,down,False,31.8,normal,0.068,narrow,False
short,ny,2025-08-13T15:10:00+00:00,3358.29,3366.7,3363.16,2.99357,3362.78036,3349.30929,2025-08-13T22:10:00+00:00,3356.86,time,72,14.3,10.1,False,down,True,31.8,normal,0.082,narrow,False
long,london,2025-08-14T09:20:00+00:00,3357.04,3347.61,3341.56,3.13714,3352.33429,3366.45143,2025-08-14T10:45:00+00:00,3352.33429,sl,17,-47.06,-51.26,False,up,True,18.2,compression,0.144,narrow,False
short,ny,2025-08-14T14:45:00+00:00,3340.22,3346.64,3340.51,4.31929,3346.69893,3327.26214,2025-08-14T20:45:00+00:00,3334.98,time,72,52.4,48.2,False,down,True,18.2,compression,0.146,narrow,False
short,london,2025-08-15T08:20:00+00:00,3340.57,3348.23,3341.59,2.18357,3343.84536,3334.01929,2025-08-15T09:20:00+00:00,3343.84536,sl,12,-32.75,-36.95,False,down,True,9.1,compression,0.159,narrow,False
long,ny,2025-08-15T15:00:00+00:00,3343.82,3343.22,3338.4,2.59143,3339.93286,3351.59429,2025-08-15T16:05:00+00:00,3339.93286,sl,13,-38.87,-43.07,False,up,True,9.1,compression,0.115,narrow,False
long,london,2025-08-18T09:05:00+00:00,3350.81,3349.91,3344.65,1.75714,3348.17429,3356.08143,2025-08-18T09:15:00+00:00,3348.17429,sl,2,-26.36,-30.56,False,down,False,0.0,compression,0.132,narrow,False
short,ny,2025-08-18T14:50:00+00:00,3333.15,3338.75,3334.69,2.55214,3336.97821,3325.49357,2025-08-18T20:50:00+00:00,3332.69,time,72,4.6,0.4,False,down,True,0.0,compression,0.102,narrow,False
long,london,2025-08-19T10:05:00+00:00,3341.7,3340.93,3336.73,1.26357,3339.80464,3345.49071,2025-08-19T11:40:00+00:00,3339.80464,sl,19,-18.95,-23.15,False,down,False,4.8,compression,0.104,narrow,False
short,ny,2025-08-19T14:45:00+00:00,3323.77,3336.66,3325.48,3.24,3328.63,3314.05,2025-08-19T20:45:00+00:00,3315.24,time,72,85.3,81.1,False,down,True,4.8,compression,0.277,narrow,False
short,london,2025-08-20T08:30:00+00:00,3321.52,3324.95,3322.92,1.50643,3323.77964,3317.00071,2025-08-20T08:40:00+00:00,3323.77964,sl,2,-22.6,-26.8,False,down,True,0.0,compression,0.054,narrow,False
long,ny,2025-08-20T14:45:00+00:00,3349.38,3346.81,3344.19,3.28143,3344.45786,3359.22429,2025-08-20T15:05:00+00:00,3344.45786,sl,4,-49.22,-53.42,False,up,True,0.0,compression,0.069,narrow,False
long,london,2025-08-21T08:30:00+00:00,3340.85,3340.52,3338.95,1.36714,3338.79929,3344.95143,2025-08-21T08:40:00+00:00,3338.79929,sl,2,-20.51,-24.71,False,up,True,4.5,compression,0.041,narrow,False
short,ny,2025-08-21T15:20:00+00:00,3339.38,3348.07,3342.52,2.46286,3343.07429,3331.99143,2025-08-21T15:25:00+00:00,3343.07429,sl,1,-36.94,-41.14,False,down,True,4.5,compression,0.144,narrow,False
long,london,2025-08-22T09:15:00+00:00,3330.54,3329.24,3325.89,1.90786,3327.67821,3336.26357,2025-08-22T12:00:00+00:00,3327.67821,sl,33,-28.62,-32.82,False,up,True,0.0,compression,0.098,narrow,False
long,ny,2025-08-22T15:00:00+00:00,3376.94,3374.0,3365.92,6.26714,3367.53929,3395.74143,2025-08-22T15:55:00+00:00,3367.53929,sl,11,-94.01,-98.21,False,up,True,0.0,compression,0.235,narrow,False
short,london,2025-08-25T08:20:00+00:00,3364.26,3366.7,3364.7,1.32071,3366.24107,3360.29786,2025-08-25T09:40:00+00:00,3366.24107,sl,16,-19.81,-24.01,False,down,True,5.0,compression,0.056,narrow,False
long,ny,2025-08-25T14:45:00+00:00,3374.41,3374.35,3371.04,2.40714,3370.79929,3381.63143,2025-08-25T18:00:00+00:00,3370.79929,sl,39,-36.11,-40.31,False,up,True,5.0,compression,0.093,narrow,False
long,london,2025-08-26T08:30:00+00:00,3379.59,3379.41,3376.68,2.25857,3376.20214,3386.36571,2025-08-26T09:00:00+00:00,3376.20214,sl,6,-33.88,-38.08,False,down,False,4.8,compression,0.079,narrow,False
long,ny,2025-08-26T14:45:00+00:00,3378.23,3377.01,3373.69,3.02571,3373.69143,3387.30714,2025-08-26T15:55:00+00:00,3387.30714,tp,14,90.77,86.57,False,up,True,4.8,compression,0.096,narrow,False
long,london,2025-08-27T08:20:00+00:00,3384.72,3383.84,3380.98,1.80357,3382.01464,3390.13071,2025-08-27T08:40:00+00:00,3382.01464,sl,4,-27.05,-31.25,False,down,False,9.1,compression,0.081,narrow,False
long,ny,2025-08-27T14:50:00+00:00,3385.31,3383.99,3380.93,2.04286,3382.24571,3391.43857,2025-08-27T16:30:00+00:00,3391.43857,tp,20,61.29,57.09,False,up,True,9.1,compression,0.086,narrow,False
long,london,2025-08-28T08:35:00+00:00,3399.59,3397.39,3393.89,1.74286,3396.97571,3404.81857,2025-08-28T10:00:00+00:00,3396.97571,sl,17,-26.14,-30.34,False,down,False,0.0,compression,0.102,narrow,False
long,ny,2025-08-28T16:10:00+00:00,3413.64,3413.5,3409.8,2.10643,3410.48036,3419.95929,2025-08-28T18:50:00+00:00,3419.95929,tp,32,63.19,58.99,False,down,False,0.0,compression,0.108,narrow,False
short,london,2025-08-29T09:05:00+00:00,3409.38,3414.03,3411.26,1.4,3411.48,3405.18,2025-08-29T10:55:00+00:00,3405.18,tp,22,42.0,37.8,False,up,False,13.6,compression,0.079,narrow,False
long,ny,2025-08-29T14:55:00+00:00,3440.9,3440.11,3435.85,3.29357,3435.95964,3450.78071,2025-08-29T19:50:00+00:00,3450.78071,tp,59,98.81,94.61,False,down,False,13.6,compression,0.122,narrow,False
short,london,2025-09-01T09:05:00+00:00,3473.23,3479.41,3474.44,2.405,3476.8375,3466.015,2025-09-01T13:05:00+00:00,3476.8375,sl,48,-36.08,-40.28,False,up,False,15.0,compression,0.144,narrow,False
short,ny,2025-09-01T16:00:00+00:00,3473.43,3479.29,3473.65,1.80929,3476.14393,3468.00214,2025-09-01T16:40:00+00:00,3476.14393,sl,8,-27.14,-31.34,False,down,True,15.0,compression,0.163,narrow,False
long,london,2025-09-02T10:35:00+00:00,3484.68,3477.67,3470.27,2.46357,3480.98464,3492.07071,2025-09-02T11:20:00+00:00,3480.98464,sl,9,-36.95,-41.15,False,up,True,33.3,normal,0.204,narrow,False
long,ny,2025-09-02T14:50:00+00:00,3511.28,3510.51,3495.32,5.73857,3502.67214,3528.49571,2025-09-02T16:35:00+00:00,3528.49571,tp,21,172.16,167.96,False,up,True,33.3,normal,0.419,normal,False
long,london,2025-09-03T08:25:00+00:00,3541.01,3539.93,3533.7,2.60571,3537.10143,3548.82714,2025-09-03T08:30:00+00:00,3537.10143,sl,1,-39.09,-43.29,False,down,False,45.5,normal,0.159,narrow,False
long,ny,2025-09-03T15:30:00+00:00,3565.85,3564.88,3559.07,3.45857,3560.66214,3576.22571,2025-09-03T18:05:00+00:00,3576.22571,tp,31,103.76,99.56,False,down,False,45.5,normal,0.148,narrow,False
short,london,2025-09-04T09:55:00+00:00,3538.71,3545.58,3541.09,2.63786,3542.66679,3530.79643,2025-09-04T10:05:00+00:00,3542.66679,sl,2,-39.57,-43.77,False,up,False,50.0,normal,0.113,narrow,False
long,ny,2025-09-04T15:05:00+00:00,3548.3,3546.31,3540.03,4.83286,3541.05071,3562.79857,2025-09-04T22:05:00+00:00,3542.56,time,72,-57.4,-61.6,False,up,True,50.0,normal,0.158,narrow,False
short,london,2025-09-05T08:15:00+00:00,3545.87,3549.0,3546.39,2.39214,3549.45821,3538.69357,2025-09-05T08:30:00+00:00,3549.45821,sl,3,-35.88,-40.08,False,down,True,72.7,expansion,0.062,narrow,False
long,ny,2025-09-05T14:55:00+00:00,3590.28,3586.62,3573.45,6.08786,3581.14821,3608.54357,2025-09-05T20:55:00+00:00,3586.03,time,72,-42.5,-46.7,False,up,True,72.7,expansion,0.311,normal,False
long,london,2025-09-08T08:15:00+00:00,3613.01,3610.03,3607.17,3.375,3607.9475,3623.135,2025-09-08T12:50:00+00:00,3623.135,tp,55,101.25,97.05,False,up,True,90.0,expansion,0.065,narrow,False
long,ny,2025-09-08T14:45:00+00:00,3637.22,3636.7,3628.94,4.21286,3630.90071,3649.85857,2025-09-08T20:45:00+00:00,3637.06,time,72,-1.6,-5.8,False,up,True,90.0,expansion,0.176,narrow,False
long,london,2025-09-09T08:45:00+00:00,3648.57,3646.1,3641.99,2.96214,3644.12679,3657.45643,2025-09-09T12:40:00+00:00,3644.12679,sl,47,-44.43,-48.63,False,down,False,100.0,expansion,0.088,narrow,False
short,ny,2025-09-09T15:10:00+00:00,3634.94,3654.33,3636.24,7.27214,3645.84821,3613.12357,2025-09-09T15:55:00+00:00,3645.84821,sl,9,-109.08,-113.28,False,up,False,100.0,expansion,0.389,normal,False
long,london,2025-09-10T09:30:00+00:00,3647.56,3646.51,3642.69,1.65214,3645.08179,3652.51643,2025-09-10T09:45:00+00:00,3652.51643,tp,3,49.56,45.36,False,up,True,100.0,expansion,0.081,narrow,False
short,ny,2025-09-10T14:50:00+00:00,3644.2,3655.37,3648.57,3.13071,3648.89607,3634.80786,2025-09-10T18:20:00+00:00,3648.89607,sl,42,-46.96,-51.16,False,down,True,100.0,expansion,0.144,narrow,False
short,london,2025-09-11T08:40:00+00:00,3626.59,3631.7,3627.19,1.92786,3629.48179,3620.80643,2025-09-11T08:50:00+00:00,3629.48179,sl,2,-28.92,-33.12,False,up,False,100.0,expansion,0.093,narrow,False
long,ny,2025-09-11T15:15:00+00:00,3636.51,3635.46,3626.93,3.055,3631.9275,3645.675,2025-09-11T15:50:00+00:00,3631.9275,sl,7,-45.82,-50.02,False,down,False,100.0,expansion,0.177,narrow,False
short,london,2025-09-12T08:45:00+00:00,3641.62,3651.24,3642.99,2.50571,3645.37857,3634.10286,2025-09-12T09:20:00+00:00,3645.37857,sl,7,-37.59,-41.79,False,down,True,90.9,expansion,0.176,narrow,False
short,ny,2025-09-12T15:00:00+00:00,3647.58,3653.48,3648.54,2.40429,3651.18643,3640.36714,2025-09-14T22:00:00+00:00,3644.16,time,72,34.2,30.0,False,down,True,90.9,expansion,0.106,narrow,False
long,london,2025-09-15T08:55:00+00:00,3645.41,3645.18,3641.4,2.08786,3642.27821,3651.67357,2025-09-15T09:20:00+00:00,3642.27821,sl,5,-31.32,-35.52,False,down,False,90.0,expansion,0.081,narrow,False
long,ny,2025-09-15T14:45:00+00:00,3662.09,3661.96,3656.83,3.44071,3656.92893,3672.41214,2025-09-15T15:45:00+00:00,3672.41214,tp,12,103.22,99.02,False,up,True,90.0,expansion,0.109,narrow,False
long,london,2025-09-16T09:20:00+00:00,3697.02,3696.06,3686.11,2.00429,3694.01357,3703.03286,2025-09-16T10:40:00+00:00,3694.01357,sl,16,-30.06,-34.26,False,up,True,95.2,expansion,0.207,narrow,False
short,ny,2025-09-16T14:55:00+00:00,3686.27,3695.87,3688.9,4.22071,3692.60107,3673.60786,2025-09-16T20:10:00+00:00,3692.60107,sl,63,-63.31,-67.51,False,down,True,95.2,expansion,0.145,narrow,False
short,london,2025-09-17T08:20:00+00:00,3664.35,3667.2,3664.48,2.36071,3667.89107,3657.26786,2025-09-17T09:10:00+00:00,3667.89107,sl,10,-35.41,-39.61,False,down,True,95.5,expansion,0.056,narrow,False
long,ny,2025-09-17T15:20:00+00:00,3685.89,3685.58,3682.75,2.01214,3682.87179,3691.92643,2025-09-17T15:55:00+00:00,3682.87179,sl,7,-30.18,-34.38,False,up,True,95.5,expansion,0.059,narrow,False
long,london,2025-09-18T08:35:00+00:00,3660.76,3659.32,3653.92,2.87429,3656.44857,3669.38286,2025-09-18T09:20:00+00:00,3669.38286,tp,9,86.23,82.03,False,down,False,100.0,expansion,0.108,narrow,False
long,london,2025-09-19T08:30:00+00:00,3655.14,3654.95,3651.45,2.12357,3651.95464,3661.51071,2025-09-19T11:15:00+00:00,3651.95464,sl,33,-31.85,-36.05,False,down,False,95.5,expansion,0.071,narrow,False
long,ny,2025-09-19T14:50:00+00:00,3667.93,3665.62,3662.46,3.47786,3662.71321,3678.36357,2025-09-19T17:45:00+00:00,3678.36357,tp,35,104.34,100.14,False,up,True,95.5,expansion,0.064,narrow,False
long,london,2025-09-22T08:40:00+00:00,3722.05,3719.5,3712.38,2.57,3718.195,3729.76,2025-09-22T12:15:00+00:00,3718.195,sl,43,-38.55,-42.75,False,up,True,95.0,expansion,0.144,narrow,False
long,ny,2025-09-22T14:50:00+00:00,3725.27,3722.02,3716.87,4.03786,3719.21321,3737.38357,2025-09-22T16:00:00+00:00,3737.38357,tp,14,121.14,116.94,False,down,False,95.0,expansion,0.104,narrow,False
long,london,2025-09-23T08:15:00+00:00,3758.73,3755.69,3752.98,2.60786,3754.81821,3766.55357,2025-09-23T08:35:00+00:00,3766.55357,tp,4,78.24,74.04,False,up,True,85.7,expansion,0.055,narrow,False
long,ny,2025-09-23T15:25:00+00:00,3780.28,3775.48,3770.86,3.23786,3775.42321,3789.99357,2025-09-23T15:55:00+00:00,3775.42321,sl,6,-48.57,-52.77,False,up,True,85.7,expansion,0.094,narrow,False
short,london,2025-09-24T08:30:00+00:00,3770.58,3777.78,3771.96,2.10071,3773.73107,3764.27786,2025-09-24T09:40:00+00:00,3764.27786,tp,14,63.02,58.82,False,down,True,86.4,expansion,0.118,narrow,False
short,ny,2025-09-24T14:50:00+00:00,3752.85,3760.08,3753.59,5.01714,3760.37571,3737.79857,2025-09-24T16:15:00+00:00,3737.79857,tp,17,150.51,146.31,False,down,True,86.4,expansion,0.131,narrow,False
long,london,2025-09-25T08:15:00+00:00,3760.05,3759.0,3751.13,3.59143,3754.66286,3770.82429,2025-09-25T08:30:00+00:00,3754.66286,sl,3,-53.87,-58.07,False,up,True,100.0,expansion,0.157,narrow,False
long,ny,2025-09-25T16:10:00+00:00,3742.3,3733.81,3723.99,3.52214,3737.01679,3752.86643,2025-09-25T16:20:00+00:00,3737.01679,sl,2,-52.83,-57.03,False,down,False,100.0,expansion,0.196,narrow,False
long,london,2025-09-26T08:30:00+00:00,3752.22,3752.07,3747.09,2.55643,3748.38536,3759.88929,2025-09-26T09:20:00+00:00,3748.38536,sl,10,-38.35,-42.55,False,down,False,72.7,expansion,0.102,narrow,False
long,london,2025-09-29T08:45:00+00:00,3817.79,3816.47,3806.73,3.40857,3812.67714,3828.01571,2025-09-29T09:30:00+00:00,3812.67714,sl,9,-51.13,-55.33,False,up,True,50.0,normal,0.204,narrow,False
long,ny,2025-09-29T15:00:00+00:00,3831.16,3828.48,3824.42,4.59571,3824.26643,3844.94714,2025-09-29T15:05:00+00:00,3824.26643,sl,1,-68.94,-73.14,False,up,True,50.0,normal,0.085,narrow,False
short,london,2025-09-30T08:20:00+00:00,3829.88,3847.18,3832.49,5.52286,3838.16429,3813.31143,2025-09-30T08:30:00+00:00,3813.31143,tp,2,165.69,161.49,False,down,True,76.2,expansion,0.299,narrow,False
long,ny,2025-09-30T14:50:00+00:00,3854.42,3850.15,3842.72,6.50786,3844.65821,3873.94357,2025-09-30T15:05:00+00:00,3844.65821,sl,3,-97.62,-101.82,False,up,True,76.2,expansion,0.151,narrow,False
long,london,2025-10-01T08:15:00+00:00,3892.7,3889.14,3879.08,4.27071,3886.29393,3905.51214,2025-10-01T09:20:00+00:00,3886.29393,sl,13,-64.06,-68.26,False,up,True,100.0,expansion,0.193,narrow,False
short,ny,2025-10-01T14:45:00+00:00,3866.65,3878.68,3874.6,5.44857,3874.82286,3850.30429,2025-10-01T15:00:00+00:00,3874.82286,sl,3,-81.73,-85.93,False,up,False,100.0,expansion,0.078,narrow,False
long,london,2025-10-02T08:25:00+00:00,3869.6,3868.96,3864.67,3.34,3864.59,3879.62,2025-10-02T09:45:00+00:00,3879.62,tp,16,100.2,96.0,False,up,True,100.0,expansion,0.082,narrow,False
short,ny,2025-10-02T14:45:00+00:00,3829.85,3866.07,3836.34,7.40571,3840.95857,3807.63286,2025-10-02T14:55:00+00:00,3840.95857,sl,2,-111.09,-115.29,False,down,True,100.0,expansion,0.566,normal,False
long,london,2025-10-03T10:50:00+00:00,3866.49,3865.62,3861.27,2.25571,3863.10643,3873.25714,2025-10-03T11:10:00+00:00,3863.10643,sl,4,-33.84,-38.04,False,down,False,100.0,expansion,0.077,narrow,False
long,ny,2025-10-03T14:45:00+00:00,3880.4,3880.12,3872.56,6.60357,3870.49464,3900.21071,2025-10-03T20:45:00+00:00,3885.78,time,72,53.8,49.6,False,down,False,100.0,expansion,0.134,narrow,False
short,london,2025-10-06T11:15:00+00:00,3934.71,3949.63,3941.59,3.23786,3939.56679,3924.99643,2025-10-06T11:35:00+00:00,3939.56679,sl,4,-48.57,-52.77,False,up,False,95.0,expansion,0.144,narrow,False
long,ny,2025-10-06T15:50:00+00:00,3959.37,3958.6,3946.89,4.33357,3952.86964,3972.37071,2025-10-06T16:10:00+00:00,3952.86964,sl,4,-65.0,-69.2,False,up,True,95.0,expansion,0.21,narrow,False
long,london,2025-10-07T09:20:00+00:00,3962.11,3947.94,3940.85,3.04,3957.55,3971.23,2025-10-07T09:50:00+00:00,3957.55,sl,6,-45.6,-49.8,False,up,True,100.0,expansion,0.118,narrow,False
long,ny,2025-10-07T15:10:00+00:00,3986.48,3986.46,3977.58,5.77571,3977.81643,4003.80714,2025-10-07T15:35:00+00:00,3977.81643,sl,5,-86.64,-90.84,False,down,False,100.0,expansion,0.148,narrow,False
long,london,2025-10-08T09:40:00+00:00,4040.34,4039.79,4033.19,3.11143,4035.67286,4049.67429,2025-10-08T10:35:00+00:00,4035.67286,sl,11,-46.67,-50.87,False,up,True,95.5,expansion,0.11,narrow,False
long,ny,2025-10-08T14:55:00+00:00,4048.15,4045.35,4039.32,5.27786,4040.23321,4063.98357,2025-10-08T15:10:00+00:00,4040.23321,sl,3,-79.17,-83.37,False,down,False,95.5,expansion,0.101,narrow,False
long,london,2025-10-09T08:15:00+00:00,4036.19,4035.15,4030.24,3.36857,4031.13714,4046.29571,2025-10-09T11:00:00+00:00,4046.29571,tp,33,101.06,96.86,False,up,True,100.0,expansion,0.079,narrow,False
short,ny,2025-10-09T16:30:00+00:00,3998.48,4015.56,4004.14,6.13214,4007.67821,3980.08357,2025-10-09T16:40:00+00:00,3980.08357,tp,2,183.96,179.76,False,up,False,100.0,expansion,0.185,narrow,False
long,london,2025-10-10T08:40:00+00:00,3990.47,3988.31,3970.21,4.27714,3984.05429,4003.30143,2025-10-10T09:40:00+00:00,4003.30143,tp,12,128.31,124.11,False,up,True,100.0,expansion,0.274,narrow,False
long,ny,2025-10-10T15:00:00+00:00,3996.75,3988.49,3980.1,7.11357,3986.07964,4018.09071,2025-10-10T15:25:00+00:00,4018.09071,tp,5,213.41,209.21,False,down,False,100.0,expansion,0.127,narrow,False
long,london,2025-10-13T08:45:00+00:00,4077.33,4076.25,4069.84,3.96929,4071.37607,4089.23786,2025-10-13T09:25:00+00:00,4071.37607,sl,8,-59.54,-63.74,False,up,True,100.0,expansion,0.096,narrow,False
long,ny,2025-10-13T14:45:00+00:00,4099.62,4099.55,4095.17,4.16643,4093.37036,4112.11929,2025-10-13T15:05:00+00:00,4093.37036,sl,4,-62.5,-66.7,False,down,False,100.0,expansion,0.065,narrow,False
long,london,2025-10-14T08:25:00+00:00,4144.28,4140.92,4124.71,5.83929,4135.52107,4161.79786,2025-10-14T08:40:00+00:00,4135.52107,sl,3,-87.59,-91.79,False,up,True,100.0,expansion,0.228,narrow,False
long,ny,2025-10-14T15:10:00+00:00,4141.21,4137.45,4127.81,6.41786,4131.58321,4160.46357,2025-10-14T16:05:00+00:00,4131.58321,sl,11,-96.27,-100.47,False,down,False,100.0,expansion,0.135,narrow,False
long,london,2025-10-15T08:15:00+00:00,4217.77,4216.2,4207.21,3.47214,4212.56179,4228.18643,2025-10-15T08:25:00+00:00,4212.56179,sl,2,-52.08,-56.28,False,up,True,100.0,expansion,0.123,narrow,False
short,ny,2025-10-15T15:35:00+00:00,4192.46,4207.21,4194.22,6.75714,4202.59571,4172.18857,2025-10-15T18:05:00+00:00,4202.59571,sl,30,-101.36,-105.56,False,down,True,100.0,expansion,0.178,narrow,False
short,london,2025-10-16T09:30:00+00:00,4225.42,4236.12,4230.23,3.465,4230.6175,4215.025,2025-10-16T09:45:00+00:00,4230.6175,sl,3,-51.98,-56.18,False,down,True,100.0,expansion,0.079,narrow,False
long,ny,2025-10-16T15:05:00+00:00,4269.8,4267.68,4258.5,6.61786,4259.87321,4289.65357,2025-10-16T16:20:00+00:00,4289.65357,tp,15,198.54,194.34,False,down,False,100.0,expansion,0.122,narrow,False
short,london,2025-10-17T11:10:00+00:00,4319.64,4347.38,4321.05,7.71643,4331.21464,4296.49071,2025-10-17T11:15:00+00:00,4331.21464,sl,1,-115.75,-119.95,False,down,True,100.0,expansion,0.313,normal,False
short,ny,2025-10-17T16:05:00+00:00,4227.64,4266.69,4231.02,11.07286,4244.24929,4194.42143,2025-10-17T17:00:00+00:00,4194.42143,tp,11,332.19,327.99,False,up,False,100.0,expansion,0.425,normal,False
long,london,2025-10-20T08:30:00+00:00,4263.61,4263.02,4254.04,4.28,4257.19,4276.45,2025-10-20T08:40:00+00:00,4257.19,sl,2,-64.2,-68.4,False,up,True,100.0,expansion,0.097,narrow,False
long,ny,2025-10-20T14:45:00+00:00,4330.73,4330.08,4317.06,9.825,4315.9925,4360.205,2025-10-20T18:35:00+00:00,4360.205,tp,46,294.75,290.55,False,up,True,100.0,expansion,0.141,narrow,False
short,london,2025-10-22T08:15:00+00:00,4081.16,4135.67,4085.76,12.10143,4099.31214,4044.85571,2025-10-22T08:20:00+00:00,4099.31214,sl,1,-181.52,-185.72,False,down,True,100.0,expansion,0.429,normal,False
short,ny,2025-10-22T14:45:00+00:00,4023.76,4058.63,4024.12,13.55143,4044.08714,3983.10571,2025-10-22T15:10:00+00:00,4044.08714,sl,5,-203.27,-207.47,False,down,True,100.0,expansion,0.297,narrow,False
long,london,2025-10-23T08:45:00+00:00,4116.35,4115.0,4094.73,6.35929,4106.81107,4135.42786,2025-10-23T10:45:00+00:00,4106.81107,sl,24,-95.39,-99.59,False,up,True,100.0,expansion,0.166,narrow,False
long,ny,2025-10-23T14:45:00+00:00,4148.1,4147.63,4140.44,8.66,4135.11,4174.08,2025-10-23T16:20:00+00:00,4135.11,sl,19,-129.9,-134.1,False,up,True,100.0,expansion,0.059,narrow,False
short,london,2025-10-24T08:20:00+00:00,4049.62,4077.75,4051.89,7.65286,4061.09929,4026.66143,2025-10-24T08:35:00+00:00,4061.09929,sl,3,-114.79,-118.99,False,down,True,100.0,expansion,0.208,narrow,False
long,ny,2025-10-24T16:05:00+00:00,4132.5,4131.47,4121.36,6.18143,4123.22786,4151.04429,2025-10-24T16:40:00+00:00,4123.22786,sl,7,-92.72,-96.92,False,up,True,100.0,expansion,0.081,narrow,False
short,london,2025-10-27T08:20:00+00:00,4058.22,4068.7,4063.67,4.18214,4064.49321,4045.67357,2025-10-27T08:50:00+00:00,4045.67357,tp,6,125.46,121.26,False,up,False,100.0,expansion,0.04,narrow,False
short,ny,2025-10-27T15:00:00+00:00,3980.35,4000.07,3983.15,11.57786,3997.71679,3945.61643,2025-10-27T16:15:00+00:00,3997.71679,sl,15,-173.67,-177.87,False,up,False,100.0,expansion,0.135,narrow,False
short,london,2025-10-28T08:15:00+00:00,3918.76,3935.84,3921.84,7.30143,3929.71214,3896.85571,2025-10-28T08:55:00+00:00,3896.85571,tp,8,219.04,214.84,False,down,True,100.0,expansion,0.107,narrow,False
long,ny,2025-10-28T15:00:00+00:00,3952.47,3950.19,3939.6,6.29714,3943.02429,3971.36143,2025-10-28T22:00:00+00:00,3955.92,time,72,34.5,30.3,False,up,True,100.0,expansion,0.081,narrow,False
long,london,2025-10-29T08:30:00+00:00,4011.03,4009.92,4000.57,4.71,4003.965,4025.16,2025-10-29T09:45:00+00:00,4025.16,tp,15,141.3,137.1,False,up,True,100.0,expansion,0.069,narrow,False
short,ny,2025-10-29T14:55:00+00:00,4008.27,4020.84,4009.16,5.63643,4016.72464,3991.36071,2025-10-29T15:50:00+00:00,3991.36071,tp,11,169.09,164.89,False,down,True,100.0,expansion,0.086,narrow,False
long,london,2025-10-30T08:25:00+00:00,3972.78,3969.3,3960.27,5.72,3964.2,3989.94,2025-10-30T09:00:00+00:00,3989.94,tp,7,171.6,167.4,False,up,True,100.0,expansion,0.067,narrow,False
long,ny,2025-10-30T15:30:00+00:00,4001.82,4000.99,3986.86,7.44357,3990.65464,4024.15071,2025-10-30T19:05:00+00:00,4024.15071,tp,43,223.31,219.11,False,down,False,100.0,expansion,0.104,narrow,False
short,london,2025-10-31T09:00:00+00:00,4012.21,4026.78,4018.88,5.04714,4019.78071,3997.06857,2025-10-31T12:20:00+00:00,4019.78071,sl,40,-75.71,-79.91,False,up,False,100.0,expansion,0.057,narrow,False
short,ny,2025-10-31T16:00:00+00:00,4005.83,4021.54,4012.85,6.33214,4015.32821,3986.83357,2025-10-31T16:10:00+00:00,3986.83357,tp,2,189.96,185.76,False,down,True,100.0,expansion,0.062,narrow,False
short,london,2025-11-03T09:30:00+00:00,4003.21,4027.92,4020.62,5.29429,4011.15143,3987.32714,2025-11-03T12:45:00+00:00,4011.15143,sl,39,-79.41,-83.61,False,down,True,95.0,expansion,0.054,narrow,False
long,ny,2025-11-03T14:45:00+00:00,4020.47,4013.53,4001.73,5.48429,4012.24357,4036.92286,2025-11-03T15:25:00+00:00,4012.24357,sl,8,-82.26,-86.46,False,up,True,95.0,expansion,0.087,narrow,False
long,london,2025-11-04T08:25:00+00:00,3999.81,3999.46,3991.43,4.53286,3993.01071,4013.40857,2025-11-04T09:05:00+00:00,3993.01071,sl,8,-67.99,-72.19,False,down,False,81.0,expansion,0.06,narrow,False
long,ny,2025-11-04T16:25:00+00:00,3972.48,3956.4,3928.76,6.11643,3963.30536,3990.82929,2025-11-04T17:05:00+00:00,3963.30536,sl,8,-91.75,-95.95,False,down,False,81.0,expansion,0.205,narrow,False
short,london,2025-11-05T09:25:00+00:00,3965.46,3987.14,3972.49,4.085,3971.5875,3953.205,2025-11-05T09:40:00+00:00,3971.5875,sl,3,-61.28,-65.48,False,up,False,81.8,expansion,0.108,narrow,False
short,ny,2025-11-05T15:10:00+00:00,3970.56,3985.69,3975.68,5.84357,3979.32536,3953.02929,2025-11-05T15:25:00+00:00,3979.32536,sl,3,-87.65,-91.85,False,down,True,81.8,expansion,0.074,narrow,False
long,london,2025-11-06T08:15:00+00:00,4010.54,4009.43,4004.72,3.79929,4004.84107,4021.93786,2025-11-06T10:30:00+00:00,4004.84107,sl,27,-56.99,-61.19,False,up,True,68.2,normal,0.037,narrow,False
short,ny,2025-11-06T15:00:00+00:00,3979.38,4003.3,3990.78,6.32429,3988.86643,3960.40714,2025-11-06T15:15:00+00:00,3988.86643,sl,3,-94.86,-99.06,False,up,False,68.2,normal,0.099,narrow,False
long,london,2025-11-07T09:00:00+00:00,4010.46,4010.32,4005.07,2.96571,4006.01143,4019.35714,2025-11-07T09:30:00+00:00,4006.01143,sl,6,-44.49,-48.69,False,up,True,50.0,normal,0.045,narrow,False
long,ny,2025-11-07T16:20:00+00:00,4004.98,4000.43,3984.45,4.78643,3997.80036,4019.33929,2025-11-07T16:35:00+00:00,4019.33929,tp,3,143.59,139.39,False,down,False,50.0,normal,0.137,narrow,False
long,london,2025-11-10T08:35:00+00:00,4084.93,4083.39,4075.08,3.54214,4079.61679,4095.55643,2025-11-10T08:40:00+00:00,4079.61679,sl,1,-53.13,-57.33,False,up,True,35.0,normal,0.077,narrow,False
long,ny,2025-11-10T15:15:00+00:00,4091.04,4085.57,4074.6,5.70429,4082.48357,4108.15286,2025-11-10T15:45:00+00:00,4082.48357,sl,6,-85.56,-89.76,False,up,True,35.0,normal,0.101,narrow,False
long,london,2025-11-11T09:00:00+00:00,4141.58,4137.34,4128.73,3.60786,4136.16821,4152.40357,2025-11-11T12:50:00+00:00,4136.16821,sl,46,-54.12,-58.32,False,up,True,28.6,compression,0.089,narrow,False
short,ny,2025-11-11T14:45:00+00:00,4120.18,4133.45,4123.46,5.54786,4128.50179,4103.53643,2025-11-11T14:55:00+00:00,4128.50179,sl,2,-83.22,-87.42,False,up,False,28.6,compression,0.104,narrow,False
long,london,2025-11-12T08:15:00+00:00,4122.29,4119.39,4112.21,3.89714,4116.44429,4133.98143,2025-11-12T12:20:00+00:00,4133.98143,tp,49,116.91,112.71,False,up,True,22.7,compression,0.081,narrow,False
long,ny,2025-11-12T14:50:00+00:00,4139.17,4138.76,4124.98,5.33,4131.175,4155.16,2025-11-12T15:10:00+00:00,4155.16,tp,4,159.9,155.7,False,up,True,22.7,compression,0.155,narrow,False
long,london,2025-11-13T08:15:00+00:00,4234.23,4230.45,4219.15,4.37786,4227.66321,4247.36357,2025-11-13T09:00:00+00:00,4227.66321,sl,9,-65.67,-69.87,False,up,True,22.7,compression,0.125,narrow,False
short,london,2025-11-14T09:00:00+00:00,4170.34,4182.17,4173.21,6.365,4179.8875,4151.245,2025-11-14T09:10:00+00:00,4179.8875,sl,2,-95.48,-99.68,False,down,True,22.7,compression,0.099,narrow,False
long,ny,2025-11-14T16:20:00+00:00,4101.13,4072.46,4032.09,9.72643,4086.54036,4130.30929,2025-11-14T18:00:00+00:00,4086.54036,sl,20,-145.9,-150.1,False,up,True,22.7,compression,0.445,normal,False
short,london,2025-11-17T08:50:00+00:00,4075.93,4095.9,4086.86,4.58,4082.8,4062.19,2025-11-17T09:15:00+00:00,4082.8,sl,5,-68.7,-72.9,False,down,True,20.0,compression,0.097,narrow,False
short,ny,2025-11-17T15:05:00+00:00,4065.37,4081.89,4065.5,7.005,4075.8775,4044.355,2025-11-17T15:35:00+00:00,4075.8775,sl,6,-105.07,-109.27,False,up,False,20.0,compression,0.175,narrow,False
long,london,2025-11-18T08:30:00+00:00,4036.79,4026.9,4010.65,6.41857,4027.16214,4056.04571,2025-11-18T13:35:00+00:00,4056.04571,tp,61,192.56,188.36,False,up,True,14.3,compression,0.179,narrow,False
short,ny,2025-11-18T16:00:00+00:00,4044.19,4081.77,4069.73,9.04286,4057.75429,4017.06143,2025-11-18T16:15:00+00:00,4057.75429,sl,3,-135.64,-139.84,False,down,True,14.3,compression,0.133,narrow,False
long,london,2025-11-19T09:10:00+00:00,4089.98,4086.78,4078.33,3.91286,4084.11071,4101.71857,2025-11-19T09:45:00+00:00,4101.71857,tp,7,117.39,113.19,False,down,False,0.0,compression,0.095,narrow,False
long,ny,2025-11-19T14:50:00+00:00,4117.53,4117.52,4101.93,6.17357,4108.26964,4136.05071,2025-11-19T15:45:00+00:00,4108.26964,sl,11,-92.6,-96.8,False,up,True,0.0,compression,0.176,narrow,False
long,london,2025-11-20T09:10:00+00:00,4068.8,4063.17,4042.81,7.24,4057.94,4090.52,2025-11-20T09:30:00+00:00,4057.94,sl,4,-108.6,-112.8,False,down,False,0.0,compression,0.24,narrow,False
long,ny,2025-11-20T14:45:00+00:00,4102.7,4091.44,4074.48,10.43929,4087.04107,4134.01786,2025-11-20T15:05:00+00:00,4087.04107,sl,4,-156.59,-160.79,False,up,True,0.0,compression,0.2,narrow,False
long,london,2025-11-21T08:40:00+00:00,4043.46,4039.29,4022.21,6.755,4033.3275,4063.725,2025-11-21T10:25:00+00:00,4033.3275,sl,21,-101.33,-105.53,False,up,True,4.5,compression,0.201,narrow,False
long,ny,2025-11-21T14:50:00+00:00,4074.24,4070.75,4061.61,6.22429,4064.90357,4092.91286,2025-11-21T15:35:00+00:00,4064.90357,sl,9,-93.36,-97.56,False,down,False,4.5,compression,0.107,narrow,False
long,london,2025-11-24T08:45:00+00:00,4065.09,4064.71,4059.83,4.26786,4058.68821,4077.89357,2025-11-24T12:40:00+00:00,4077.89357,tp,47,128.04,123.84,False,down,False,10.0,compression,0.057,narrow,False
long,ny,2025-11-24T14:50:00+00:00,4081.37,4078.97,4068.4,5.18857,4073.58714,4096.93571,2025-11-24T16:30:00+00:00,4096.93571,tp,20,155.66,151.46,False,down,False,10.0,compression,0.123,narrow,False
short,london,2025-11-25T08:30:00+00:00,4129.48,4136.13,4131.46,4.445,4136.1475,4116.145,2025-11-25T08:50:00+00:00,4116.145,tp,4,133.35,129.15,False,up,False,14.3,compression,0.053,narrow,False
short,ny,2025-11-25T14:45:00+00:00,4115.04,4137.6,4117.53,6.645,4125.0075,4095.105,2025-11-25T14:55:00+00:00,4125.0075,sl,2,-99.67,-103.87,False,down,True,14.3,compression,0.227,narrow,False
long,london,2025-11-26T11:30:00+00:00,4172.27,4167.37,4156.8,3.49286,4167.03071,4182.74857,2025-11-26T11:45:00+00:00,4167.03071,sl,3,-52.39,-56.59,False,up,True,13.6,compression,0.121,narrow,False
long,ny,2025-11-26T15:30:00+00:00,4158.88,4154.11,4141.79,6.18,4149.61,4177.42,2025-11-26T21:30:00+00:00,4164.84,time,72,59.6,55.4,False,up,True,13.6,compression,0.141,narrow,False
long,london,2025-11-27T08:25:00+00:00,4165.06,4164.36,4159.66,2.43286,4161.41071,4172.35857,2025-11-27T09:00:00+00:00,4161.41071,sl,7,-36.49,-40.69,False,up,True,13.6,compression,0.054,narrow,False
long,ny,2025-11-27T15:20:00+00:00,4159.77,4159.01,4152.87,2.68786,4155.73821,4167.83357,2025-11-27T16:05:00+00:00,4155.73821,sl,9,-40.32,-44.52,False,up,True,13.6,compression,0.071,narrow,False
long,london,2025-11-28T11:20:00+00:00,4176.46,4175.59,4156.87,4.49571,4169.71643,4189.94714,2025-11-28T12:00:00+00:00,4169.71643,sl,8,-67.44,-71.64,False,up,True,9.1,compression,0.22,narrow,False
long,ny,2025-11-28T16:25:00+00:00,4209.04,4208.78,4194.6,4.86714,4201.73929,4223.64143,2025-11-28T18:30:00+00:00,4223.64143,tp,25,146.01,141.81,False,down,False,9.1,compression,0.166,narrow,False
long,london,2025-12-01T08:15:00+00:00,4253.01,4252.72,4244.67,3.78643,4247.33036,4264.36929,2025-12-01T08:30:00+00:00,4247.33036,sl,3,-56.8,-61.0,False,up,True,0.0,compression,0.098,narrow,False
short,london,2025-12-02T09:15:00+00:00,4204.37,4215.42,4207.08,3.77857,4210.03786,4193.03429,2025-12-02T09:25:00+00:00,4193.03429,tp,2,113.36,109.16,False,up,False,0.0,compression,0.102,narrow,False
short,ny,2025-12-02T15:15:00+00:00,4197.78,4229.39,4215.16,6.77429,4207.94143,4177.45714,2025-12-02T15:50:00+00:00,4177.45714,tp,7,203.23,199.03,False,down,True,0.0,compression,0.174,narrow,False
short,london,2025-12-03T08:30:00+00:00,4204.7,4208.05,4204.82,2.83714,4208.95571,4196.18857,2025-12-03T08:40:00+00:00,4208.95571,sl,2,-42.56,-46.76,False,up,False,0.0,compression,0.041,narrow,False
short,ny,2025-12-03T15:00:00+00:00,4215.9,4241.42,4223.53,9.38429,4229.97643,4187.74714,2025-12-03T21:00:00+00:00,4208.49,time,72,74.1,69.9,False,down,True,0.0,compression,0.228,narrow,False
short,london,2025-12-04T08:55:00+00:00,4184.77,4195.61,4189.87,3.67786,4190.28679,4173.73643,2025-12-04T09:05:00+00:00,4190.28679,sl,2,-55.17,-59.37,False,down,True,0.0,compression,0.077,narrow,False
long,ny,2025-12-04T16:05:00+00:00,4213.89,4213.27,4193.55,5.12071,4206.20893,4229.25214,2025-12-04T19:05:00+00:00,4206.20893,sl,36,-76.81,-81.01,False,down,False,0.0,compression,0.264,narrow,False
short,london,2025-12-05T09:05:00+00:00,4218.56,4227.07,4221.85,2.78857,4222.74286,4210.19429,2025-12-05T09:35:00+00:00,4222.74286,sl,6,-41.83,-46.03,False,down,True,0.0,compression,0.08,narrow,False
long,ny,2025-12-05T14:45:00+00:00,4242.55,4236.6,4228.3,4.475,4235.8375,4255.975,2025-12-05T15:05:00+00:00,4235.8375,sl,4,-67.12,-71.32,False,up,True,0.0,compression,0.128,narrow,False
short,london,2025-12-08T11:00:00+00:00,4201.29,4212.76,4203.15,2.78,4205.46,4192.95,2025-12-08T11:15:00+00:00,4205.46,sl,3,-41.7,-45.9,False,up,False,0.0,compression,0.153,narrow,False
short,ny,2025-12-08T14:55:00+00:00,4196.67,4210.89,4198.2,5.88929,4205.50393,4179.00214,2025-12-08T15:05:00+00:00,4179.00214,tp,2,176.68,172.48,False,down,True,0.0,compression,0.202,narrow,False
long,london,2025-12-09T08:40:00+00:00,4190.78,4188.48,4182.36,2.69071,4186.74393,4198.85214,2025-12-09T09:05:00+00:00,4198.85214,tp,5,80.72,76.52,False,up,True,0.0,compression,0.102,narrow,False
long,ny,2025-12-09T14:50:00+00:00,4207.81,4206.46,4192.66,5.34,4199.8,4223.83,2025-12-09T15:00:00+00:00,4199.8,sl,2,-80.1,-84.3,False,up,True,0.0,compression,0.23,narrow,False
short,london,2025-12-10T08:40:00+00:00,4199.6,4206.08,4200.24,2.55714,4203.43571,4191.92857,2025-12-10T10:05:00+00:00,4191.92857,tp,17,76.71,72.51,False,down,True,0.0,compression,0.101,narrow,False
short,ny,2025-12-10T15:50:00+00:00,4190.92,4199.8,4191.46,4.625,4197.8575,4177.045,2025-12-10T16:20:00+00:00,4197.8575,sl,6,-69.38,-73.58,False,up,False,0.0,compression,0.144,narrow,False
long,london,2025-12-11T08:35:00+00:00,4218.08,4217.72,4212.84,3.06714,4213.47929,4227.28143,2025-12-11T09:00:00+00:00,4213.47929,sl,5,-46.01,-50.21,False,down,False,0.0,compression,0.086,narrow,False
long,ny,2025-12-11T15:30:00+00:00,4244.91,4243.82,4230.5,6.26,4235.52,4263.69,2025-12-11T16:45:00+00:00,4263.69,tp,15,187.8,183.6,False,up,True,0.0,compression,0.233,narrow,False
long,london,2025-12-12T08:30:00+00:00,4296.73,4295.37,4286.95,3.12286,4292.04571,4306.09857,2025-12-12T08:50:00+00:00,4306.09857,tp,4,93.69,89.49,False,up,True,4.5,compression,0.147,narrow,False
long,ny,2025-12-12T14:50:00+00:00,4349.39,4345.63,4330.95,6.36286,4339.84571,4368.47857,2025-12-12T15:15:00+00:00,4339.84571,sl,5,-95.44,-99.64,False,up,True,4.5,compression,0.256,narrow,False
long,london,2025-12-15T08:25:00+00:00,4345.85,4344.39,4338.85,3.24357,4340.98464,4355.58071,2025-12-15T10:00:00+00:00,4340.98464,sl,19,-48.65,-52.85,False,up,True,0.0,compression,0.098,narrow,False
short,ny,2025-12-15T14:50:00+00:00,4318.27,4335.14,4320.66,6.94929,4328.69393,4297.42214,2025-12-15T16:20:00+00:00,4297.42214,tp,18,208.48,204.28,False,up,False,0.0,compression,0.256,narrow,False
short,london,2025-12-16T08:15:00+00:00,4277.8,4289.34,4280.48,3.78857,4283.48286,4266.43429,2025-12-16T08:45:00+00:00,4283.48286,sl,6,-56.83,-61.03,False,down,True,14.3,compression,0.154,narrow,False
long,ny,2025-12-16T15:05:00+00:00,4332.17,4331.77,4322.0,6.74714,4322.04929,4352.41143,2025-12-16T15:15:00+00:00,4322.04929,sl,2,-101.21,-105.41,False,down,False,14.3,compression,0.169,narrow,False
long,ny,2025-12-17T14:50:00+00:00,4339.42,4338.4,4326.12,7.475,4328.2075,4361.845,2025-12-17T15:50:00+00:00,4328.2075,sl,12,-112.12,-116.32,False,up,True,22.7,compression,0.207,narrow,False
short,london,2025-12-18T09:25:00+00:00,4324.68,4332.65,4324.97,2.75286,4328.80929,4316.42143,2025-12-18T13:05:00+00:00,4316.42143,tp,44,82.59,78.39,False,down,True,31.8,normal,0.127,narrow,False
long,ny,2025-12-18T16:00:00+00:00,4343.5,4341.16,4311.56,6.00286,4334.49571,4361.50857,2025-12-18T16:10:00+00:00,4361.50857,tp,2,180.09,175.89,False,down,False,31.8,normal,0.489,normal,False
long,london,2025-12-19T08:30:00+00:00,4326.83,4324.72,4321.02,2.70929,4322.76607,4334.95786,2025-12-19T10:30:00+00:00,4322.76607,sl,24,-40.64,-44.84,False,down,False,27.3,compression,0.062,narrow,False
long,ny,2025-12-19T15:00:00+00:00,4339.19,4337.79,4326.74,5.81214,4330.47179,4356.62643,2025-12-19T21:00:00+00:00,4337.52,time,72,-16.7,-20.9,False,up,True,27.3,compression,0.184,narrow,False
short,london,2025-12-22T11:00:00+00:00,4408.41,4414.58,4410.0,2.50571,4412.16857,4400.89286,2025-12-22T12:00:00+00:00,4412.16857,sl,12,-37.59,-41.79,False,down,True,30.0,normal,0.077,narrow,False
long,ny,2025-12-22T14:45:00+00:00,4426.49,4426.44,4414.77,5.37643,4418.42536,4442.61929,2025-12-22T14:55:00+00:00,4418.42536,sl,2,-80.65,-84.85,False,up,True,30.0,normal,0.195,narrow,False
long,london,2025-12-23T08:35:00+00:00,4490.63,4489.51,4485.34,2.79643,4486.43536,4499.01929,2025-12-23T09:00:00+00:00,4486.43536,sl,5,-41.95,-46.15,False,up,True,52.4,normal,0.065,narrow,False
short,ny,2025-12-23T14:55:00+00:00,4446.44,4464.81,4447.69,9.92429,4461.32643,4416.66714,2025-12-23T16:10:00+00:00,4461.32643,sl,15,-148.86,-153.06,False,down,True,52.4,normal,0.268,narrow,False
long,london,2025-12-24T09:45:00+00:00,4494.16,4486.97,4478.26,3.74714,4488.53929,4505.40143,2025-12-24T10:30:00+00:00,4488.53929,sl,9,-56.21,-60.41,False,up,True,59.1,normal,0.132,narrow,False
short,ny,2025-12-24T14:50:00+00:00,4465.51,4488.85,4469.33,6.69429,4475.55143,4445.42714,2025-12-24T15:15:00+00:00,4475.55143,sl,5,-100.41,-104.61,False,up,False,59.1,normal,0.295,narrow,False
long,london,2025-12-26T08:15:00+00:00,4515.81,4514.67,4509.63,2.92071,4511.42893,4524.57214,2025-12-26T10:50:00+00:00,4511.42893,sl,31,-43.81,-48.01,False,up,True,66.7,normal,0.074,narrow,False
long,ny,2025-12-26T15:30:00+00:00,4539.02,4533.48,4519.14,6.86571,4528.72143,4559.61714,2025-12-26T17:10:00+00:00,4528.72143,sl,20,-102.99,-107.19,False,down,False,66.7,normal,0.209,narrow,False
short,london,2025-12-29T08:45:00+00:00,4461.22,4485.94,4466.21,7.24143,4472.08214,4439.49571,2025-12-29T09:40:00+00:00,4472.08214,sl,11,-108.62,-112.82,False,up,False,78.9,expansion,0.287,narrow,False
short,ny,2025-12-29T15:00:00+00:00,4341.73,4388.39,4356.87,15.37429,4364.79143,4295.60714,2025-12-29T21:00:00+00:00,4332.93,time,72,88.0,83.8,False,up,False,78.9,expansion,0.459,normal,False
short,london,2025-12-30T08:20:00+00:00,4361.12,4373.76,4363.51,5.59714,4369.51571,4344.32857,2025-12-30T09:05:00+00:00,4369.51571,sl,9,-83.96,-88.16,False,up,False,100.0,expansion,0.125,narrow,False
short,ny,2025-12-30T14:45:00+00:00,4360.72,4392.17,4364.19,8.10643,4372.87964,4336.40071,2025-12-30T15:05:00+00:00,4372.87964,sl,4,-121.6,-125.8,False,down,True,100.0,expansion,0.341,normal,False
short,london,2025-12-31T08:40:00+00:00,4317.26,4332.89,4320.2,4.43071,4323.90607,4303.96786,2025-12-31T08:55:00+00:00,4303.96786,tp,3,132.92,128.72,False,down,True,100.0,expansion,0.151,narrow,False
short,ny,2025-12-31T16:10:00+00:00,4324.05,4348.72,4333.01,6.67071,4334.05607,4304.03786,2026-01-01T23:10:00+00:00,4334.05607,sl,36,-100.06,-104.26,False,up,False,100.0,expansion,0.187,narrow,False
long,london,2026-01-02T08:30:00+00:00,4388.78,4386.61,4380.78,3.625,4383.3425,4399.655,2026-01-02T09:20:00+00:00,4383.3425,sl,10,-54.38,-58.58,False,up,True,100.0,expansion,0.067,narrow,False
short,ny,2026-01-02T15:00:00+00:00,4342.13,4370.09,4348.23,7.8,4353.83,4318.73,2026-01-02T16:15:00+00:00,4318.73,tp,15,234.0,229.8,False,down,True,100.0,expansion,0.251,narrow,False
long,london,2026-01-05T08:15:00+00:00,4427.73,4425.25,4419.36,3.52929,4422.43607,4438.31786,2026-01-05T10:35:00+00:00,4438.31786,tp,28,105.88,101.68,False,up,True,100.0,expansion,0.067,narrow,False
long,ny,2026-01-05T14:45:00+00:00,4436.94,4430.0,4417.92,6.02714,4427.89929,4455.02143,2026-01-05T15:05:00+00:00,4455.02143,tp,4,180.81,176.61,False,up,True,100.0,expansion,0.137,narrow,False
long,london,2026-01-06T08:20:00+00:00,4469.18,4463.35,4457.51,3.55571,4463.84643,4479.84714,2026-01-06T09:00:00+00:00,4463.84643,sl,8,-53.34,-57.54,False,up,True,100.0,expansion,0.065,narrow,False
long,ny,2026-01-06T14:50:00+00:00,4487.91,4483.09,4465.29,6.38357,4478.33464,4507.06071,2026-01-06T15:15:00+00:00,4478.33464,sl,5,-95.75,-99.95,False,up,True,100.0,expansion,0.197,narrow,False
long,london,2026-01-07T08:20:00+00:00,4466.44,4466.4,4459.32,3.70929,4460.87607,4477.56786,2026-01-07T09:05:00+00:00,4460.87607,sl,9,-55.64,-59.84,False,up,True,100.0,expansion,0.078,narrow,False
short,ny,2026-01-07T15:10:00+00:00,4426.74,4452.23,4435.79,7.945,4438.6575,4402.905,2026-01-07T15:25:00+00:00,4438.6575,sl,3,-119.17,-123.37,False,up,False,100.0,expansion,0.181,narrow,False
short,london,2026-01-08T08:30:00+00:00,4424.32,4433.24,4425.61,4.71357,4431.39036,4410.17929,2026-01-08T08:55:00+00:00,4431.39036,sl,5,-70.7,-74.9,False,down,True,100.0,expansion,0.084,narrow,False
long,ny,2026-01-08T14:45:00+00:00,4436.57,4435.45,4421.8,7.25857,4425.68214,4458.34571,2026-01-08T16:30:00+00:00,4458.34571,tp,21,217.76,213.56,False,down,False,100.0,expansion,0.149,narrow,False
long,ny,2026-01-09T15:05:00+00:00,4499.76,4498.12,4482.66,8.335,4487.2575,4524.765,2026-01-09T17:50:00+00:00,4487.2575,sl,33,-125.03,-129.23,False,down,False,100.0,expansion,0.165,narrow,False
long,london,2026-01-12T08:45:00+00:00,4594.1,4589.37,4582.03,4.17643,4587.83536,4606.62929,2026-01-12T09:55:00+00:00,4587.83536,sl,14,-62.65,-66.85,False,down,False,94.4,expansion,0.078,narrow,False
long,ny,2026-01-12T15:05:00+00:00,4615.73,4611.37,4585.32,10.56571,4599.88143,4647.42714,2026-01-12T20:15:00+00:00,4599.88143,sl,62,-158.49,-162.69,False,up,True,94.4,expansion,0.278,narrow,False
long,london,2026-01-13T08:30:00+00:00,4593.71,4591.64,4579.69,3.89286,4587.87071,4605.38857,2026-01-13T09:40:00+00:00,4587.87071,sl,14,-58.39,-62.59,False,up,True,100.0,expansion,0.121,narrow,False
long,ny,2026-01-13T14:45:00+00:00,4633.76,4625.98,4611.73,6.995,4623.2675,4654.745,2026-01-13T14:50:00+00:00,4623.2675,sl,1,-104.93,-109.13,False,up,True,100.0,expansion,0.144,narrow,False
long,london,2026-01-14T08:45:00+00:00,4635.27,4634.01,4623.5,4.14286,4629.05571,4647.69857,2026-01-14T09:40:00+00:00,4629.05571,sl,11,-62.14,-66.34,False,down,False,95.0,expansion,0.111,narrow,False
short,ny,2026-01-14T14:45:00+00:00,4607.71,4634.99,4614.17,6.52643,4617.49964,4588.13071,2026-01-14T14:55:00+00:00,4617.49964,sl,2,-97.9,-102.1,False,down,True,95.0,expansion,0.22,narrow,False
long,london,2026-01-15T08:15:00+00:00,4605.86,4604.54,4597.83,3.80714,4600.14929,4617.28143,2026-01-15T08:30:00+00:00,4600.14929,sl,3,-57.11,-61.31,True,up,True,80.0,expansion,0.073,narrow,False
long,ny,2026-01-15T14:50:00+00:00,4612.94,4611.87,4601.58,7.365,4601.8925,4635.035,2026-01-15T16:50:00+00:00,4601.8925,sl,24,-110.47,-114.67,True,down,False,80.0,expansion,0.111,narrow,False
short,london,2026-01-16T08:55:00+00:00,4603.16,4610.5,4604.92,3.42,4608.29,4592.9,2026-01-16T10:15:00+00:00,4608.29,sl,16,-51.3,-55.5,True,down,True,60.0,normal,0.062,narrow,False
long,ny,2026-01-16T14:45:00+00:00,4613.85,4611.65,4596.12,6.255,4604.4675,4632.615,2026-01-16T15:15:00+00:00,4604.4675,sl,6,-93.82,-98.02,True,up,True,60.0,normal,0.173,narrow,False
short,london,2026-01-19T08:55:00+00:00,4663.66,4673.85,4663.7,3.44286,4668.82429,4653.33143,2026-01-19T09:05:00+00:00,4668.82429,sl,2,-51.64,-55.84,True,up,False,66.7,normal,0.112,narrow,False
long,ny,2026-01-19T15:45:00+00:00,4672.45,4670.34,4663.94,2.96571,4668.00143,4681.34714,2026-01-19T23:00:00+00:00,4668.00143,sl,41,-44.49,-48.69,True,up,True,66.7,normal,0.07,narrow,False
long,london,2026-01-20T08:50:00+00:00,4728.3,4725.58,4715.11,4.26357,4721.90464,4741.09071,2026-01-20T09:20:00+00:00,4721.90464,sl,6,-63.95,-68.15,True,up,True,26.3,compression,0.13,narrow,False
short,ny,2026-01-20T15:35:00+00:00,4726.16,4750.81,4728.54,9.47643,4740.37464,4697.73071,2026-01-20T16:10:00+00:00,4740.37464,sl,7,-142.15,-146.35,True,down,True,26.3,compression,0.276,narrow,False
long,london,2026-01-21T08:15:00+00:00,4865.26,4864.04,4853.83,6.77214,4855.10179,4885.57643,2026-01-21T08:50:00+00:00,4855.10179,sl,7,-101.58,-105.78,True,down,False,35.0,normal,0.122,narrow,False
short,ny,2026-01-21T15:15:00+00:00,4831.2,4872.4,4850.15,15.49143,4854.43714,4784.72571,2026-01-21T15:55:00+00:00,4854.43714,sl,8,-232.37,-236.57,True,down,True,35.0,normal,0.266,narrow,False
short,london,2026-01-22T09:45:00+00:00,4819.25,4835.6,4824.33,4.87071,4826.55607,4804.63786,2026-01-22T10:15:00+00:00,4826.55607,sl,6,-73.06,-77.26,True,down,True,40.0,normal,0.131,narrow,False
long,ny,2026-01-22T15:25:00+00:00,4854.0,4847.64,4828.16,8.95571,4840.56643,4880.86714,2026-01-22T16:35:00+00:00,4880.86714,tp,14,268.67,264.47,True,up,True,40.0,normal,0.227,narrow,False
short,london,2026-01-23T08:15:00+00:00,4939.02,4947.57,4940.56,5.29857,4946.96786,4923.12429,2026-01-23T08:20:00+00:00,4923.12429,tp,1,158.96,154.76,True,down,True,80.0,expansion,0.076,narrow,False
long,ny,2026-01-23T14:45:00+00:00,4953.59,4949.76,4932.83,6.42,4943.96,4972.85,2026-01-23T14:55:00+00:00,4943.96,sl,2,-96.3,-100.5,True,up,True,80.0,expansion,0.182,narrow,False
long,london,2026-01-26T08:15:00+00:00,5096.94,5096.7,5087.35,5.12786,5089.24821,5112.32357,2026-01-26T08:45:00+00:00,5089.24821,sl,6,-76.92,-81.12,True,up,True,47.4,normal,0.104,narrow,False
long,ny,2026-01-26T14:50:00+00:00,5092.14,5090.7,5074.67,8.47429,5079.42857,5117.56286,2026-01-26T15:30:00+00:00,5079.42857,sl,8,-127.11,-131.31,True,down,False,47.4,normal,0.178,narrow,False
short,london,2026-01-27T08:35:00+00:00,5079.08,5088.34,5079.4,6.41357,5088.70036,5059.83929,2026-01-27T09:30:00+00:00,5088.70036,sl,11,-96.2,-100.4,True,up,False,90.0,expansion,0.095,narrow,False
short,ny,2026-01-27T14:55:00+00:00,5054.35,5082.29,5059.23,12.05357,5072.43036,5018.18929,2026-01-27T15:15:00+00:00,5072.43036,sl,4,-180.8,-185.0,True,up,False,90.0,expansion,0.246,narrow,False
long,london,2026-01-28T08:30:00+00:00,5305.47,5299.6,5286.46,7.40786,5294.35821,5327.69357,2026-01-28T08:40:00+00:00,5294.35821,sl,2,-111.12,-115.32,True,up,True,100.0,expansion,0.13,narrow,False
long,ny,2026-01-28T14:55:00+00:00,5286.2,5284.06,5250.38,10.64571,5270.23143,5318.13714,2026-01-28T15:05:00+00:00,5270.23143,sl,2,-159.69,-163.89,True,up,True,100.0,expansion,0.332,normal,False
short,london,2026-01-29T08:30:00+00:00,5522.87,5554.87,5523.09,13.08214,5542.49321,5483.62357,2026-01-29T08:40:00+00:00,5483.62357,tp,2,392.46,388.26,True,down,True,100.0,expansion,0.25,narrow,False
short,ny,2026-01-29T14:55:00+00:00,5496.96,5545.26,5501.6,20.15571,5527.19357,5436.49286,2026-01-29T15:05:00+00:00,5436.49286,tp,2,604.67,600.47,True,down,True,100.0,expansion,0.343,normal,False
short,london,2026-01-30T08:30:00+00:00,5077.84,5181.27,5141.02,28.07071,5119.94607,4993.62786,2026-01-30T08:45:00+00:00,5119.94607,sl,3,-421.06,-425.26,True,down,True,100.0,expansion,0.254,narrow,False
short,ny,2026-01-30T14:55:00+00:00,5032.67,5113.56,5057.2,31.355,5079.7025,4938.605,2026-01-30T17:05:00+00:00,4938.605,tp,26,940.65,936.45,True,down,True,100.0,expansion,0.355,normal,False
long,london,2026-02-02T08:15:00+00:00,4632.5,4628.36,4562.21,33.93357,4581.59964,4734.30071,2026-02-02T11:10:00+00:00,4734.30071,tp,35,1018.01,1013.81,True,up,True,100.0,expansion,0.323,normal,False
short,ny,2026-02-02T15:15:00+00:00,4709.17,4794.23,4709.46,35.95429,4763.10143,4601.30714,2026-02-02T16:00:00+00:00,4601.30714,tp,9,1078.63,1074.43,True,up,False,100.0,expansion,0.414,normal,False
long,london,2026-02-03T08:15:00+00:00,4939.75,4932.23,4898.34,14.74357,4917.63464,4983.98071,2026-02-03T08:55:00+00:00,4917.63464,sl,8,-221.15,-225.35,True,up,True,100.0,expansion,0.144,narrow,False
long,ny,2026-02-03T15:05:00+00:00,4937.13,4928.98,4894.33,17.69929,4910.58107,4990.22786,2026-02-03T15:25:00+00:00,4910.58107,sl,4,-265.49,-269.69,True,up,True,100.0,expansion,0.147,narrow,False
short,london,2026-02-04T09:20:00+00:00,5064.55,5091.92,5074.94,9.00714,5078.06071,5037.52857,2026-02-04T11:15:00+00:00,5037.52857,tp,23,270.21,266.01,True,down,True,100.0,expansion,0.068,narrow,False
short,ny,2026-02-04T15:20:00+00:00,4965.24,5037.51,4967.64,26.03643,5004.29464,4887.13071,2026-02-04T16:45:00+00:00,4887.13071,tp,17,781.09,776.89,True,down,True,100.0,expansion,0.28,narrow,False
short,london,2026-02-05T09:00:00+00:00,4884.05,4942.19,4912.83,13.96286,4904.99429,4842.16143,2026-02-05T12:10:00+00:00,4842.16143,tp,38,418.89,414.69,True,up,False,100.0,expansion,0.111,narrow,False
long,ny,2026-02-05T16:40:00+00:00,4878.88,4865.47,4805.88,18.15286,4851.65071,4933.33857,2026-02-05T18:15:00+00:00,4851.65071,sl,19,-272.29,-276.49,True,up,True,100.0,expansion,0.226,narrow,False
long,london,2026-02-06T08:15:00+00:00,4854.95,4853.67,4829.61,10.18,4839.68,4885.49,2026-02-06T09:10:00+00:00,4839.68,sl,11,-152.7,-156.9,True,up,True,100.0,expansion,0.086,narrow,False
long,ny,2026-02-06T14:55:00+00:00,4948.12,4947.44,4897.44,14.84143,4925.85786,4992.64429,2026-02-06T16:25:00+00:00,4925.85786,sl,18,-222.62,-226.82,True,up,True,100.0,expansion,0.178,narrow,False
long,london,2026-02-09T08:20:00+00:00,5026.12,5021.2,5002.79,8.53,5013.325,5051.71,2026-02-09T09:35:00+00:00,5013.325,sl,15,-127.95,-132.15,True,up,True,100.0,expansion,0.062,narrow,False
long,ny,2026-02-09T14:50:00+00:00,5040.18,5037.26,5014.13,9.66357,5025.68464,5069.17071,2026-02-09T15:15:00+00:00,5025.68464,sl,5,-144.95,-149.15,True,up,True,100.0,expansion,0.078,narrow,False
long,london,2026-02-10T08:35:00+00:00,5044.08,5041.08,5029.06,6.59071,5034.19393,5063.85214,2026-02-10T12:40:00+00:00,5034.19393,sl,49,-98.86,-103.06,True,down,False,95.2,expansion,0.041,narrow,False
short,ny,2026-02-10T14:55:00+00:00,5039.64,5078.69,5053.54,11.08143,5056.26214,5006.39571,2026-02-10T15:35:00+00:00,5006.39571,tp,8,332.44,328.24,True,down,True,95.2,expansion,0.085,narrow,False
short,london,2026-02-11T08:25:00+00:00,5051.73,5060.46,5051.85,5.36143,5059.77214,5035.64571,2026-02-11T09:30:00+00:00,5059.77214,sl,13,-80.42,-84.62,True,down,True,90.9,expansion,0.029,narrow,False
short,london,2026-02-12T08:35:00+00:00,5060.0,5073.52,5063.76,4.69929,5067.04893,5045.90214,2026-02-12T08:50:00+00:00,5067.04893,sl,3,-70.49,-74.69,True,down,True,86.4,expansion,0.034,narrow,False
short,ny,2026-02-12T14:55:00+00:00,5044.59,5071.7,5053.66,10.035,5059.6425,5014.485,2026-02-12T15:10:00+00:00,5059.6425,sl,3,-150.52,-154.72,True,down,True,86.4,expansion,0.063,narrow,False
short,london,2026-02-13T09:35:00+00:00,4964.97,4989.51,4972.3,6.88929,4975.30393,4944.30214,2026-02-13T09:45:00+00:00,4975.30393,sl,2,-103.34,-107.54,True,down,True,90.9,expansion,0.058,narrow,False
long,ny,2026-02-13T16:25:00+00:00,5027.85,5011.33,4964.13,12.54929,5009.02607,5065.49786,2026-02-13T16:55:00+00:00,5009.02607,sl,6,-188.24,-192.44,True,up,True,90.9,expansion,0.16,narrow,False
long,london,2026-02-16T09:15:00+00:00,5015.34,5013.34,4996.57,4.66357,5008.34464,5029.33071,2026-02-16T10:10:00+00:00,5008.34464,sl,11,-69.95,-74.15,True,down,False,90.0,expansion,0.057,narrow,False
short,ny,2026-02-16T15:00:00+00:00,4973.8,4994.39,4983.55,5.46,4981.99,4957.42,2026-02-16T15:50:00+00:00,4981.99,sl,10,-81.9,-86.1,True,down,True,90.0,expansion,0.037,narrow,False
long,london,2026-02-17T10:10:00+00:00,4936.31,4930.37,4916.62,5.96929,4927.35607,4954.21786,2026-02-17T10:30:00+00:00,4927.35607,sl,4,-89.54,-93.74,True,up,True,76.2,expansion,0.048,narrow,False
short,ny,2026-02-17T14:45:00+00:00,4865.4,4907.32,4867.29,19.15071,4894.12607,4807.94786,2026-02-17T18:40:00+00:00,4894.12607,sl,47,-287.26,-291.46,True,down,True,76.2,expansion,0.139,narrow,False
short,london,2026-02-18T08:20:00+00:00,4926.67,4932.39,4926.74,4.00786,4932.68179,4914.64643,2026-02-18T09:00:00+00:00,4914.64643,tp,8,120.24,116.04,True,down,True,63.6,normal,0.021,narrow,False
long,ny,2026-02-18T14:50:00+00:00,4992.95,4986.05,4955.84,8.415,4980.3275,5018.195,2026-02-18T19:25:00+00:00,4980.3275,sl,55,-126.23,-130.43,True,up,True,63.6,normal,0.113,narrow,False
long,london,2026-02-19T08:15:00+00:00,5013.23,5012.15,5006.1,3.785,5007.5525,5024.585,2026-02-19T09:25:00+00:00,5007.5525,sl,14,-56.77,-60.97,True,up,True,50.0,normal,0.025,narrow,False
long,ny,2026-02-19T14:50:00+00:00,5005.33,4995.42,4963.66,8.96357,4991.88464,5032.22071,2026-02-19T16:25:00+00:00,4991.88464,sl,19,-134.45,-138.65,True,up,True,50.0,normal,0.131,narrow,False
long,london,2026-02-20T08:25:00+00:00,5018.35,5016.47,5004.86,5.69286,5009.81071,5035.42857,2026-02-20T09:05:00+00:00,5035.42857,tp,8,170.79,166.59,True,up,True,36.4,normal,0.06,narrow,False
long,ny,2026-02-20T14:45:00+00:00,5057.55,5054.87,5037.24,7.70071,5045.99893,5080.65214,2026-02-20T15:00:00+00:00,5045.99893,sl,3,-115.51,-119.71,True,up,True,36.4,normal,0.092,narrow,False
short,london,2026-02-23T08:20:00+00:00,5127.83,5139.56,5131.03,6.74429,5137.94643,5107.59714,2026-02-23T08:55:00+00:00,5137.94643,sl,7,-101.16,-105.36,True,up,False,25.0,compression,0.051,narrow,False
long,ny,2026-02-23T14:45:00+00:00,5194.89,5190.96,5164.85,6.54143,5185.07786,5214.51429,2026-02-23T15:00:00+00:00,5185.07786,sl,3,-98.12,-102.32,True,up,True,25.0,compression,0.157,narrow,False
short,london,2026-02-24T08:15:00+00:00,5168.32,5179.49,5169.6,6.885,5178.6475,5147.665,2026-02-24T08:30:00+00:00,5178.6475,sl,3,-103.28,-107.48,True,down,True,19.0,compression,0.062,narrow,False
long,ny,2026-02-24T15:40:00+00:00,5149.81,5139.21,5110.0,9.22786,5135.96821,5177.49357,2026-02-24T16:30:00+00:00,5135.96821,sl,10,-138.42,-142.62,True,up,True,19.0,compression,0.184,narrow,False
long,london,2026-02-25T08:15:00+00:00,5192.21,5190.16,5184.63,4.68857,5185.17714,5206.27571,2026-02-25T08:55:00+00:00,5185.17714,sl,8,-70.33,-74.53,True,down,False,18.2,compression,0.036,narrow,False
long,ny,2026-02-25T15:00:00+00:00,5198.72,5181.18,5159.09,7.80071,5187.01893,5222.12214,2026-02-25T15:20:00+00:00,5187.01893,sl,4,-117.01,-121.21,True,up,True,18.2,compression,0.145,narrow,False
short,london,2026-02-26T08:25:00+00:00,5176.89,5190.42,5179.44,5.56357,5185.23536,5160.19929,2026-02-26T09:45:00+00:00,5185.23536,sl,16,-83.45,-87.65,True,up,False,13.6,compression,0.081,narrow,False
long,ny,2026-02-26T15:50:00+00:00,5190.02,5174.85,5139.46,12.41071,5171.40393,5227.25214,2026-02-26T17:45:00+00:00,5171.40393,sl,23,-186.16,-190.36,True,up,True,13.6,compression,0.262,narrow,False
short,london,2026-02-27T08:20:00+00:00,5174.68,5182.36,5176.23,4.57214,5181.53821,5160.96357,2026-02-27T08:35:00+00:00,5181.53821,sl,3,-68.58,-72.78,True,down,True,4.5,compression,0.052,narrow,False
long,ny,2026-02-27T15:10:00+00:00,5237.94,5233.57,5213.86,9.75071,5223.31393,5267.19214,2026-02-27T15:15:00+00:00,5223.31393,sl,1,-146.26,-150.46,True,up,True,4.5,compression,0.167,narrow,False
long,london,2026-03-02T08:25:00+00:00,5415.24,5412.63,5402.34,7.45357,5404.05964,5437.60071,2026-03-02T08:40:00+00:00,5404.05964,sl,3,-111.8,-116.0,True,up,True,0.0,compression,0.088,narrow,False
short,ny,2026-03-02T16:00:00+00:00,5273.95,5355.77,5306.97,19.60357,5303.35536,5215.13929,2026-03-02T16:25:00+00:00,5303.35536,sl,5,-294.05,-298.25,True,up,False,0.0,compression,0.416,normal,False
short,london,2026-03-03T08:20:00+00:00,5316.29,5335.94,5319.9,8.47857,5329.00786,5290.85429,2026-03-03T08:55:00+00:00,5290.85429,tp,7,254.36,250.16,True,down,True,9.5,compression,0.131,narrow,False
short,ny,2026-03-03T14:45:00+00:00,5056.99,5142.69,5062.02,24.51857,5093.76786,4983.43429,2026-03-03T15:55:00+00:00,5093.76786,sl,14,-367.78,-371.98,True,down,True,9.5,compression,0.657,wide,False
long,london,2026-03-04T08:40:00+00:00,5175.75,5172.15,5147.9,8.61071,5162.83393,5201.58214,2026-03-04T09:00:00+00:00,5162.83393,sl,4,-129.16,-133.36,True,down,False,18.2,compression,0.17,narrow,False
short,ny,2026-03-04T14:45:00+00:00,5155.59,5185.08,5163.01,13.60857,5176.00286,5114.76429,2026-03-04T18:20:00+00:00,5114.76429,tp,43,408.26,404.06,True,down,True,18.2,compression,0.154,narrow,False
short,london,2026-03-05T08:15:00+00:00,5139.83,5162.6,5141.9,6.10929,5148.99393,5121.50214,2026-03-05T08:30:00+00:00,5148.99393,sl,3,-91.64,-95.84,True,down,True,18.2,compression,0.153,narrow,False
short,ny,2026-03-05T15:05:00+00:00,5070.41,5123.8,5090.91,18.36286,5097.95429,5015.32143,2026-03-05T15:50:00+00:00,5097.95429,sl,9,-275.44,-279.64,True,down,True,18.2,compression,0.243,narrow,False
short,london,2026-03-06T08:20:00+00:00,5110.28,5123.06,5110.75,5.52429,5118.56643,5093.70714,2026-03-06T09:20:00+00:00,5093.70714,tp,12,165.73,161.53,True,down,True,22.7,compression,0.09,narrow,False
long,ny,2026-03-06T14:55:00+00:00,5130.19,5115.2,5084.4,16.24357,5105.82464,5178.92071,2026-03-06T20:55:00+00:00,5153.33,time,72,231.4,227.2,True,down,False,22.7,compression,0.226,narrow,False
short,london,2026-03-09T08:20:00+00:00,5098.11,5110.74,5099.05,7.51571,5109.38357,5075.56286,2026-03-09T09:05:00+00:00,5109.38357,sl,9,-112.74,-116.94,True,down,True,30.0,normal,0.084,narrow,False
long,london,2026-03-10T08:35:00+00:00,5190.48,5185.25,5175.07,5.335,5182.4775,5206.485,2026-03-10T09:00:00+00:00,5182.4775,sl,5,-80.02,-84.22,True,down,False,33.3,normal,0.073,narrow,False
long,ny,2026-03-10T15:00:00+00:00,5213.51,5213.48,5202.78,9.42571,5199.37143,5241.78714,2026-03-10T18:15:00+00:00,5199.37143,sl,39,-141.39,-145.59,True,down,False,33.3,normal,0.077,narrow,False
short,london,2026-03-11T08:20:00+00:00,5186.84,5198.63,5188.07,5.62714,5195.28071,5169.95857,2026-03-11T09:30:00+00:00,5195.28071,sl,14,-84.41,-88.61,True,up,False,27.3,compression,0.077,narrow,False
short,ny,2026-03-11T15:10:00+00:00,5170.73,5196.19,5174.52,8.81286,5183.94929,5144.29143,2026-03-11T22:10:00+00:00,5175.07,time,72,-43.4,-47.6,True,down,True,27.3,compression,0.159,narrow,False
short,london,2026-03-12T11:30:00+00:00,5177.16,5189.74,5180.82,3.91429,5183.03143,5165.41714,2026-03-12T12:20:00+00:00,5165.41714,tp,10,117.43,113.23,True,down,True,31.8,normal,0.064,narrow,False
short,ny,2026-03-12T15:00:00+00:00,5131.83,5153.64,5139.75,9.14857,5145.55286,5104.38429,2026-03-12T17:55:00+00:00,5104.38429,tp,35,274.46,270.26,True,up,False,31.8,normal,0.1,narrow,False
long,london,2026-03-13T09:10:00+00:00,5092.43,5084.73,5066.72,7.23643,5081.57536,5114.13929,2026-03-13T10:30:00+00:00,5081.57536,sl,16,-108.55,-112.75,True,up,True,45.5,normal,0.129,narrow,False
short,ny,2026-03-13T14:50:00+00:00,5064.38,5091.94,5074.76,8.995,5077.8725,5037.395,2026-03-13T14:55:00+00:00,5037.395,tp,1,269.85,265.65,True,down,True,45.5,normal,0.123,narrow,False
short,london,2026-03-16T08:40:00+00:00,4987.25,5000.5,4988.55,7.96571,4999.19857,4963.35286,2026-03-16T10:55:00+00:00,4999.19857,sl,27,-119.49,-123.69,True,down,True,35.0,normal,0.087,narrow,False
short,ny,2026-03-16T14:45:00+00:00,4999.26,5015.12,5000.39,8.53571,5012.06357,4973.65286,2026-03-16T18:35:00+00:00,5012.06357,sl,46,-128.04,-132.24,True,down,True,35.0,normal,0.107,narrow,False
short,london,2026-03-17T09:10:00+00:00,5013.83,5026.24,5019.0,5.50857,5022.09286,4997.30429,2026-03-17T10:40:00+00:00,4997.30429,tp,18,165.26,161.06,True,down,True,14.3,compression,0.055,narrow,False
short,ny,2026-03-17T15:25:00+00:00,4994.73,5014.5,5003.05,7.59786,5006.12679,4971.93643,2026-03-17T17:00:00+00:00,5006.12679,sl,19,-113.97,-118.17,True,up,False,14.3,compression,0.086,narrow,False
short,london,2026-03-18T08:20:00+00:00,4985.48,4996.8,4987.5,4.73214,4992.57821,4971.28357,2026-03-18T09:20:00+00:00,4992.57821,sl,12,-70.98,-75.18,True,up,False,13.6,compression,0.071,narrow,False
long,ny,2026-03-18T16:55:00+00:00,4886.92,4865.12,4856.71,6.12429,4877.73357,4905.29286,2026-03-18T18:25:00+00:00,4877.73357,sl,18,-91.86,-96.06,True,up,True,13.6,compression,0.064,narrow,False
short,london,2026-03-19T08:40:00+00:00,4688.57,4740.44,4701.32,18.76714,4716.72071,4632.26857,2026-03-19T08:45:00+00:00,4716.72071,sl,1,-281.51,-285.71,True,down,True,63.6,normal,0.276,narrow,False
short,ny,2026-03-19T15:30:00+00:00,4579.59,4622.32,4581.06,20.65071,4610.56607,4517.63786,2026-03-19T15:55:00+00:00,4610.56607,sl,5,-309.76,-313.96,True,up,False,63.6,normal,0.291,narrow,False
long,london,2026-03-20T08:15:00+00:00,4724.89,4717.55,4702.07,6.61,4714.975,4744.72,2026-03-20T08:30:00+00:00,4714.975,sl,3,-99.15,-103.35,True,up,True,81.8,expansion,0.097,narrow,False
short,ny,2026-03-20T14:50:00+00:00,4554.74,4585.3,4557.53,19.58429,4584.11643,4495.98714,2026-03-20T16:10:00+00:00,4584.11643,sl,16,-293.76,-297.96,True,up,False,81.8,expansion,0.174,narrow,False
long,london,2026-03-23T09:15:00+00:00,4288.91,4255.73,4203.7,25.01,4251.395,4363.94,2026-03-23T09:35:00+00:00,4251.395,sl,4,-375.15,-379.35,True,up,True,100.0,expansion,0.312,normal,False
short,ny,2026-03-23T15:45:00+00:00,4402.31,4504.3,4469.95,21.32857,4434.30286,4338.32429,2026-03-23T17:35:00+00:00,4434.30286,sl,22,-319.93,-324.13,True,down,True,100.0,expansion,0.206,narrow,False
long,london,2026-03-24T09:55:00+00:00,4426.44,4420.75,4402.22,9.77857,4411.77214,4455.77571,2026-03-24T11:00:00+00:00,4411.77214,sl,13,-146.68,-150.88,True,up,True,100.0,expansion,0.11,narrow,False
long,ny,2026-03-24T14:50:00+00:00,4424.92,4420.71,4400.46,16.54143,4400.10786,4474.54429,2026-03-24T15:10:00+00:00,4400.10786,sl,4,-248.12,-252.32,True,up,True,100.0,expansion,0.12,narrow,False
long,london,2026-03-25T08:20:00+00:00,4562.58,4559.04,4535.82,8.22143,4550.24786,4587.24429,2026-03-25T09:40:00+00:00,4550.24786,sl,16,-123.32,-127.52,True,up,True,100.0,expansion,0.129,narrow,False
long,ny,2026-03-25T14:45:00+00:00,4572.66,4569.07,4557.48,10.88429,4556.33357,4605.31286,2026-03-25T15:05:00+00:00,4556.33357,sl,4,-163.26,-167.46,True,up,True,100.0,expansion,0.065,narrow,False
short,london,2026-03-26T08:20:00+00:00,4432.18,4459.2,4440.42,10.40571,4447.78857,4400.96286,2026-03-26T10:25:00+00:00,4447.78857,sl,25,-156.09,-160.29,True,down,True,95.5,expansion,0.106,narrow,False
short,ny,2026-03-26T15:35:00+00:00,4440.15,4478.84,4458.37,13.34214,4460.16321,4400.12357,2026-03-26T16:20:00+00:00,4400.12357,tp,9,400.26,396.06,True,down,True,95.5,expansion,0.115,narrow,False
short,london,2026-03-27T08:15:00+00:00,4440.45,4451.05,4443.04,5.80071,4449.15107,4423.04786,2026-03-27T09:05:00+00:00,4423.04786,tp,10,174.02,169.82,True,up,False,100.0,expansion,0.044,narrow,False
long,ny,2026-03-27T14:45:00+00:00,4473.56,4464.05,4451.91,12.92714,4454.16929,4512.34143,2026-03-27T14:55:00+00:00,4512.34143,tp,2,387.81,383.61,True,up,True,100.0,expansion,0.066,narrow,False
long,london,2026-03-30T08:50:00+00:00,4538.91,4537.09,4525.08,6.03571,4529.85643,4557.01714,2026-03-30T09:10:00+00:00,4529.85643,sl,4,-90.54,-94.74,True,up,True,100.0,expansion,0.065,narrow,False
long,ny,2026-03-30T15:40:00+00:00,4551.79,4533.62,4517.25,9.54857,4537.46714,4580.43571,2026-03-30T16:25:00+00:00,4537.46714,sl,9,-143.23,-147.43,True,down,False,100.0,expansion,0.089,narrow,False
short,london,2026-03-31T09:35:00+00:00,4551.01,4573.36,4560.37,5.87714,4559.82571,4533.37857,2026-03-31T09:50:00+00:00,4559.82571,sl,3,-88.16,-92.36,True,down,True,100.0,expansion,0.069,narrow,False
long,ny,2026-03-31T16:35:00+00:00,4633.07,4630.1,4604.19,8.18643,4620.79036,4657.62929,2026-03-31T17:20:00+00:00,4657.62929,tp,9,245.59,241.39,True,down,False,100.0,expansion,0.138,narrow,False
long,london,2026-04-01T08:15:00+00:00,4727.32,4726.45,4710.5,10.18143,4712.04786,4757.86429,2026-04-01T11:35:00+00:00,4757.86429,tp,40,305.44,301.24,True,up,True,100.0,expansion,0.081,narrow,False
long,ny,2026-04-01T14:45:00+00:00,4758.95,4756.59,4734.89,11.765,4741.3025,4794.245,2026-04-01T20:45:00+00:00,4762.27,time,72,33.2,29.0,True,up,True,100.0,expansion,0.11,narrow,False
short,london,2026-04-02T08:45:00+00:00,4627.53,4648.86,4628.99,9.08214,4641.15321,4600.28357,2026-04-02T11:40:00+00:00,4600.28357,tp,35,272.46,268.26,True,up,False,95.5,expansion,0.101,narrow,False
long,london,2026-04-06T08:30:00+00:00,4694.62,4694.54,4681.48,8.00357,4682.61464,4718.63071,2026-04-06T11:45:00+00:00,4682.61464,sl,39,-120.05,-124.25,True,up,True,100.0,expansion,0.064,narrow,False
short,ny,2026-04-06T15:05:00+00:00,4667.46,4697.33,4678.68,10.96286,4683.90429,4634.57143,2026-04-06T22:05:00+00:00,4666.72,time,72,7.4,3.2,True,down,True,100.0,expansion,0.091,narrow,False
long,london,2026-04-07T08:20:00+00:00,4684.35,4665.08,4644.3,9.26071,4670.45893,4712.13214,2026-04-07T09:40:00+00:00,4670.45893,sl,16,-138.91,-143.11,True,up,True,100.0,expansion,0.1,narrow,False
short,ny,2026-04-07T14:50:00+00:00,4639.8,4661.3,4642.58,13.60857,4660.21286,4598.97429,2026-04-07T16:00:00+00:00,4660.21286,sl,14,-204.13,-208.33,True,down,True,100.0,expansion,0.09,narrow,False
short,london,2026-04-08T08:30:00+00:00,4802.97,4819.38,4808.26,7.17857,4813.73786,4781.43429,2026-04-08T09:40:00+00:00,4781.43429,tp,14,215.36,211.16,True,up,False,100.0,expansion,0.051,narrow,False
short,ny,2026-04-08T14:55:00+00:00,4736.34,4770.24,4751.1,13.89143,4757.17714,4694.66571,2026-04-08T15:20:00+00:00,4757.17714,sl,5,-208.37,-212.57,True,down,True,100.0,expansion,0.087,narrow,False
long,london,2026-04-09T08:35:00+00:00,4728.85,4726.51,4719.95,6.91714,4718.47429,4749.60143,2026-04-09T11:40:00+00:00,4749.60143,tp,37,207.51,203.31,True,up,True,95.2,expansion,0.03,narrow,False
long,ny,2026-04-09T14:55:00+00:00,4768.62,4767.72,4747.29,9.65,4754.145,4797.57,2026-04-09T15:35:00+00:00,4797.57,tp,8,289.5,285.3,True,down,False,95.2,expansion,0.095,narrow,False
short,london,2026-04-10T08:15:00+00:00,4745.43,4753.29,4747.16,4.58214,4752.30321,4731.68357,2026-04-10T08:50:00+00:00,4731.68357,tp,7,137.46,133.26,True,down,True,81.0,expansion,0.031,narrow,False
short,ny,2026-04-10T15:40:00+00:00,4765.95,4794.99,4774.66,8.74643,4779.06964,4739.71071,2026-04-12T22:00:00+00:00,4739.71071,tp,64,262.39,258.19,True,down,True,81.0,expansion,0.103,narrow,False
short,london,2026-04-13T08:55:00+00:00,4723.36,4738.54,4732.28,5.29429,4731.30143,4707.47714,2026-04-13T11:40:00+00:00,4707.47714,tp,33,158.83,154.63,True,down,True,52.6,normal,0.034,narrow,False
short,ny,2026-04-13T15:00:00+00:00,4707.58,4722.57,4708.69,8.40571,4720.18857,4682.36286,2026-04-13T16:10:00+00:00,4720.18857,sl,14,-126.09,-130.29,True,up,False,52.6,normal,0.076,narrow,False
long,london,2026-04-14T08:25:00+00:00,4785.99,4782.58,4774.24,5.79786,4777.29321,4803.38357,2026-04-14T09:30:00+00:00,4777.29321,sl,13,-86.97,-91.17,True,up,True,25.0,compression,0.052,narrow,False
short,london,2026-04-15T09:20:00+00:00,4804.32,4812.64,4804.6,6.01929,4813.34893,4786.26214,2026-04-15T11:50:00+00:00,4813.34893,sl,30,-90.29,-94.49,True,up,False,19.0,compression,0.053,narrow,False
short,ny,2026-04-15T15:00:00+00:00,4810.19,4825.66,4815.48,5.63571,4818.64357,4793.28286,2026-04-15T15:30:00+00:00,4793.28286,tp,6,169.07,164.87,True,down,True,19.0,compression,0.068,narrow,False
short,london,2026-04-16T10:10:00+00:00,4807.11,4822.0,4807.29,3.77857,4812.77786,4795.77429,2026-04-16T10:55:00+00:00,4812.77786,sl,9,-56.68,-60.88,True,down,True,14.3,compression,0.099,narrow,False
long,ny,2026-04-16T16:05:00+00:00,4805.96,4800.59,4773.06,6.90786,4795.59821,4826.68357,2026-04-16T16:30:00+00:00,4795.59821,sl,5,-103.62,-107.82,True,up,True,14.3,compression,0.186,narrow,False
long,london,2026-04-17T08:45:00+00:00,4793.64,4790.99,4780.86,4.98929,4786.15607,4808.60786,2026-04-17T10:35:00+00:00,4786.15607,sl,22,-74.84,-79.04,True,down,False,4.8,compression,0.073,narrow,False
long,london,2026-04-20T08:50:00+00:00,4793.75,4791.77,4786.14,3.91,4787.885,4805.48,2026-04-20T09:30:00+00:00,4787.885,sl,8,-58.65,-62.85,True,up,True,0.0,compression,0.042,narrow,False
short,ny,2026-04-20T15:00:00+00:00,4798.0,4827.59,4810.61,8.21143,4810.31714,4773.36571,2026-04-20T17:10:00+00:00,4810.31714,sl,26,-123.17,-127.37,True,down,True,0.0,compression,0.126,narrow,False
long,london,2026-04-21T08:40:00+00:00,4791.68,4787.61,4774.72,5.24071,4783.81893,4807.40214,2026-04-21T09:00:00+00:00,4783.81893,sl,4,-78.61,-82.81,True,down,False,0.0,compression,0.099,narrow,False
short,ny,2026-04-21T14:45:00+00:00,4727.6,4775.01,4743.73,9.27429,4741.51143,4699.77714,2026-04-21T14:55:00+00:00,4741.51143,sl,2,-139.11,-143.31,True,down,True,0.0,compression,0.241,narrow,False
short,london,2026-04-22T08:20:00+00:00,4754.69,4762.31,4757.75,3.405,4759.7975,4744.475,2026-04-22T09:00:00+00:00,4759.7975,sl,8,-51.08,-55.28,True,down,True,0.0,compression,0.036,narrow,False
short,ny,2026-04-22T15:35:00+00:00,4728.07,4744.59,4729.96,6.12714,4737.26071,4709.68857,2026-04-22T17:10:00+00:00,4737.26071,sl,19,-91.91,-96.11,True,down,True,0.0,compression,0.116,narrow,False
short,london,2026-04-23T08:40:00+00:00,4703.79,4724.74,4717.51,5.25786,4711.67679,4688.01643,2026-04-23T10:10:00+00:00,4688.01643,tp,18,157.74,153.54,True,down,True,0.0,compression,0.06,narrow,False
long,ny,2026-04-23T14:50:00+00:00,4735.06,4734.71,4726.16,7.00857,4724.54714,4756.08571,2026-04-23T15:45:00+00:00,4724.54714,sl,11,-105.13,-109.33,True,up,True,0.0,compression,0.071,narrow,False
long,london,2026-04-24T09:10:00+00:00,4695.32,4694.65,4686.5,4.03214,4689.27179,4707.41643,2026-04-24T09:20:00+00:00,4689.27179,sl,2,-60.48,-64.68,True,down,False,0.0,compression,0.075,narrow,False
short,london,2026-04-27T08:30:00+00:00,4709.6,4714.4,4710.22,3.39571,4714.69357,4699.41286,2026-04-27T08:45:00+00:00,4714.69357,sl,3,-50.94,-55.14,True,down,True,0.0,compression,0.039,narrow,False
short,ny,2026-04-27T14:50:00+00:00,4680.67,4696.73,4683.53,6.42071,4690.30107,4661.40786,2026-04-27T20:50:00+00:00,4678.83,time,72,18.4,14.2,True,up,False,0.0,compression,0.123,narrow,False
short,london,2026-04-28T09:30:00+00:00,4611.84,4633.51,4614.83,5.64,4620.3,4594.92,2026-04-28T11:20:00+00:00,4594.92,tp,22,169.2,165.0,True,down,True,0.0,compression,0.197,narrow,False
long,ny,2026-04-28T15:55:00+00:00,4586.56,4578.04,4557.35,7.14929,4575.83607,4608.00786,2026-04-28T22:55:00+00:00,4594.11,time,72,75.5,71.3,True,down,False,0.0,compression,0.218,narrow,False
short,london,2026-04-29T08:30:00+00:00,4562.4,4573.29,4564.51,5.34857,4570.42286,4546.35429,2026-04-29T08:45:00+00:00,4570.42286,sl,3,-80.23,-84.43,True,down,True,0.0,compression,0.093,narrow,False
long,ny,2026-04-29T15:35:00+00:00,4551.06,4542.74,4530.91,6.17643,4541.79536,4569.58929,2026-04-29T17:45:00+00:00,4541.79536,sl,26,-92.65,-96.85,True,up,True,0.0,compression,0.126,narrow,False
long,london,2026-04-30T10:20:00+00:00,4634.21,4629.5,4597.31,5.71929,4625.63107,4651.36786,2026-04-30T12:30:00+00:00,4625.63107,sl,26,-85.79,-89.99,True,up,True,0.0,compression,0.342,normal,False
short,ny,2026-04-30T16:15:00+00:00,4607.68,4622.61,4610.81,5.09,4615.315,4592.41,2026-04-30T16:50:00+00:00,4615.315,sl,7,-76.35,-80.55,True,up,False,0.0,compression,0.126,narrow,False
short,london,2026-05-01T08:15:00+00:00,4571.6,4582.53,4573.71,5.45429,4579.78143,4555.23714,2026-05-01T12:05:00+00:00,4579.78143,sl,46,-81.81,-86.01,True,down,True,14.3,compression,0.091,narrow,False
long,ny,2026-05-01T16:15:00+00:00,4647.17,4646.03,4630.58,6.29,4637.735,4666.04,2026-05-01T16:30:00+00:00,4637.735,sl,3,-94.35,-98.55,True,down,False,14.3,compression,0.159,narrow,False
short,london,2026-05-04T10:00:00+00:00,4560.22,4581.02,4574.23,4.96071,4567.66107,4545.33786,2026-05-04T10:05:00+00:00,4545.33786,tp,1,148.82,144.62,True,up,False,15.0,compression,0.07,narrow,False
short,ny,2026-05-04T15:00:00+00:00,4561.26,4583.25,4570.44,8.53643,4574.06464,4535.65071,2026-05-04T15:20:00+00:00,4535.65071,tp,4,256.09,251.89,True,down,True,15.0,compression,0.132,narrow,False
